date,city,pm10,pm25
2026-03-05T00:00,Hyderabad,44.1,41.1
2026-03-05T01:00,Hyderabad,43.3,40.2
2026-03-05T02:00,Hyderabad,42.8,39.7
2026-03-05T03:00,Hyderabad,42.7,39.6
2026-03-05T04:00,Hyderabad,41.9,38.6
2026-03-05T05:00,Hyderabad,43.0,39.2
2026-03-05T06:00,Hyderabad,43.9,40.2
2026-03-05T07:00,Hyderabad,52.3,48.5
2026-03-05T08:00,Hyderabad,40.9,38.0
2026-03-05T09:00,Hyderabad,29.0,26.0
2026-03-05T10:00,Hyderabad,18.9,16.5
2026-03-05T11:00,Hyderabad,16.9,14.8
2026-03-05T12:00,Hyderabad,16.6,14.6
2026-03-05T13:00,Hyderabad,16.6,14.6
2026-03-05T14:00,Hyderabad,17.0,15.0
2026-03-05T15:00,Hyderabad,17.5,15.5
2026-03-05T16:00,Hyderabad,17.9,15.9
2026-03-05T17:00,Hyderabad,27.8,24.5
2026-03-05T18:00,Hyderabad,34.3,31.1
2026-03-05T19:00,Hyderabad,43.4,39.9
2026-03-05T20:00,Hyderabad,51.0,47.3
2026-03-05T21:00,Hyderabad,58.0,54.0
2026-03-05T22:00,Hyderabad,66.1,62.2
2026-03-05T23:00,Hyderabad,71.5,67.3
2026-03-06T00:00,Hyderabad,68.7,64.7
2026-03-06T01:00,Hyderabad,63.6,59.4
2026-03-06T02:00,Hyderabad,57.3,53.2
2026-03-06T03:00,Hyderabad,50.3,46.3
2026-03-06T04:00,Hyderabad,43.3,39.8
2026-03-06T05:00,Hyderabad,58.1,53.8
2026-03-06T06:00,Hyderabad,53.8,49.7
2026-03-06T07:00,Hyderabad,53.7,50.2
2026-03-06T08:00,Hyderabad,42.3,40.6
2026-03-06T09:00,Hyderabad,29.2,27.8
2026-03-06T10:00,Hyderabad,18.4,16.9
2026-03-06T11:00,Hyderabad,16.5,13.4
2026-03-06T12:00,Hyderabad,17.8,13.1
2026-03-06T13:00,Hyderabad,19.0,13.4
2026-03-06T14:00,Hyderabad,20.2,14.0
2026-03-06T15:00,Hyderabad,21.2,14.7
2026-03-06T16:00,Hyderabad,22.2,15.5
2026-03-06T17:00,Hyderabad,27.0,19.4
2026-03-06T18:00,Hyderabad,34.2,27.0
2026-03-06T19:00,Hyderabad,43.3,35.2
2026-03-06T20:00,Hyderabad,50.1,41.0
2026-03-06T21:00,Hyderabad,55.6,45.8
2026-03-06T22:00,Hyderabad,61.0,50.4
2026-03-06T23:00,Hyderabad,65.7,54.4
2026-03-07T00:00,Hyderabad,67.3,55.6
2026-03-07T01:00,Hyderabad,71.7,60.1
2026-03-07T02:00,Hyderabad,70.8,59.3
2026-03-07T03:00,Hyderabad,65.7,54.2
2026-03-07T04:00,Hyderabad,58.7,48.2
2026-03-07T05:00,Hyderabad,62.9,48.7
2026-03-07T06:00,Hyderabad,63.3,48.9
2026-03-07T07:00,Hyderabad,68.5,53.9
2026-03-07T08:00,Hyderabad,54.4,44.9
2026-03-07T09:00,Hyderabad,44.1,32.0
2026-03-07T10:00,Hyderabad,35.0,23.7
2026-03-07T11:00,Hyderabad,30.5,19.7
2026-03-07T12:00,Hyderabad,28.1,18.1
2026-03-07T13:00,Hyderabad,26.5,17.3
2026-03-07T14:00,Hyderabad,25.7,17.1
2026-03-07T15:00,Hyderabad,25.0,16.9
2026-03-07T16:00,Hyderabad,24.6,16.9
2026-03-07T17:00,Hyderabad,28.3,21.1
2026-03-07T18:00,Hyderabad,34.1,27.2
2026-03-07T19:00,Hyderabad,41.0,33.5
2026-03-07T20:00,Hyderabad,46.3,37.8
2026-03-07T21:00,Hyderabad,50.8,40.9
2026-03-07T22:00,Hyderabad,54.8,43.4
2026-03-07T23:00,Hyderabad,57.9,45.5
2026-03-08T00:00,Hyderabad,58.3,45.5
2026-03-08T01:00,Hyderabad,58.7,45.8
2026-03-08T02:00,Hyderabad,58.3,45.8
2026-03-08T03:00,Hyderabad,58.9,46.3
2026-03-08T04:00,Hyderabad,60.5,48.1
2026-03-08T05:00,Hyderabad,57.0,45.4
2026-03-08T06:00,Hyderabad,60.3,48.5
2026-03-08T07:00,Hyderabad,70.3,58.2
2026-03-08T08:00,Hyderabad,59.0,50.9
2026-03-08T09:00,Hyderabad,51.5,40.2
2026-03-08T10:00,Hyderabad,45.3,32.2
2026-03-08T11:00,Hyderabad,40.9,27.4
2026-03-08T12:00,Hyderabad,36.9,24.0
2026-03-08T13:00,Hyderabad,34.9,23.0
2026-03-08T14:00,Hyderabad,33.3,22.4
2026-03-08T15:00,Hyderabad,32.0,21.8
2026-03-08T16:00,Hyderabad,31.1,21.5
2026-03-08T17:00,Hyderabad,33.3,24.9
2026-03-08T18:00,Hyderabad,36.0,29.1
2026-03-08T19:00,Hyderabad,41.3,34.5
2026-03-08T20:00,Hyderabad,44.6,37.4
2026-03-08T21:00,Hyderabad,47.0,39.0
2026-03-08T22:00,Hyderabad,49.8,40.2
2026-03-08T23:00,Hyderabad,51.6,40.6
2026-03-09T00:00,Hyderabad,51.2,39.3
2026-03-09T01:00,Hyderabad,49.9,38.4
2026-03-09T02:00,Hyderabad,48.7,37.8
2026-03-09T03:00,Hyderabad,48.2,37.6
2026-03-09T04:00,Hyderabad,48.9,38.4
2026-03-09T05:00,Hyderabad,53.6,43.2
2026-03-09T06:00,Hyderabad,55.6,45.4
2026-03-09T07:00,Hyderabad,57.5,48.4
2026-03-09T08:00,Hyderabad,45.8,38.5
2026-03-09T09:00,Hyderabad,42.6,34.2
2026-03-09T10:00,Hyderabad,42.4,33.2
2026-03-09T11:00,Hyderabad,42.3,32.2
2026-03-09T12:00,Hyderabad,42.6,32.0
2026-03-09T13:00,Hyderabad,42.6,32.1
2026-03-09T14:00,Hyderabad,42.4,32.2
2026-03-09T15:00,Hyderabad,41.8,32.2
2026-03-09T16:00,Hyderabad,41.6,32.4
2026-03-09T17:00,Hyderabad,54.4,43.0
2026-03-09T18:00,Hyderabad,54.9,46.3
2026-03-09T19:00,Hyderabad,57.9,50.2
2026-03-09T20:00,Hyderabad,60.1,52.9
2026-03-09T21:00,Hyderabad,61.7,54.8
2026-03-09T22:00,Hyderabad,62.6,55.9
2026-03-09T23:00,Hyderabad,62.2,55.4
2026-03-10T00:00,Hyderabad,60.3,53.4
2026-03-10T01:00,Hyderabad,59.5,52.0
2026-03-10T02:00,Hyderabad,59.5,51.3
2026-03-10T03:00,Hyderabad,60.1,51.3
2026-03-10T04:00,Hyderabad,61.0,51.8
2026-03-10T05:00,Hyderabad,61.7,52.2
2026-03-10T06:00,Hyderabad,61.5,51.3
2026-03-10T07:00,Hyderabad,60.1,50.8
2026-03-10T08:00,Hyderabad,61.7,49.6
2026-03-10T09:00,Hyderabad,65.0,49.7
2026-03-10T10:00,Hyderabad,66.1,49.6
2026-03-10T11:00,Hyderabad,65.7,49.2
2026-03-10T12:00,Hyderabad,65.0,49.0
2026-03-10T13:00,Hyderabad,64.0,48.8
2026-03-10T14:00,Hyderabad,62.4,48.3
2026-03-10T15:00,Hyderabad,60.8,47.4
2026-03-10T16:00,Hyderabad,59.5,46.7
2026-03-10T17:00,Hyderabad,61.7,49.5
2026-03-10T18:00,Hyderabad,60.1,51.0
2026-03-10T19:00,Hyderabad,59.5,51.6
2026-03-10T20:00,Hyderabad,56.3,49.2
2026-03-10T21:00,Hyderabad,51.1,44.8
2026-03-10T22:00,Hyderabad,45.2,39.8
2026-03-10T23:00,Hyderabad,38.5,34.0
2026-03-11T00:00,Hyderabad,31.5,27.8
2026-03-11T01:00,Hyderabad,26.6,23.3
2026-03-11T02:00,Hyderabad,23.4,20.3
2026-03-11T03:00,Hyderabad,21.4,18.3
2026-03-11T04:00,Hyderabad,20.1,16.9
2026-03-11T05:00,Hyderabad,20.3,16.9
2026-03-11T06:00,Hyderabad,20.1,16.8
2026-03-11T07:00,Hyderabad,22.9,19.8
2026-03-11T08:00,Hyderabad,19.2,16.8
2026-03-11T09:00,Hyderabad,14.6,12.1
2026-03-11T10:00,Hyderabad,13.5,10.2
2026-03-11T11:00,Hyderabad,17.6,12.6
2026-03-11T12:00,Hyderabad,25.6,18.3
2026-03-11T13:00,Hyderabad,31.2,22.2
2026-03-11T14:00,Hyderabad,33.5,23.7
2026-03-11T15:00,Hyderabad,33.9,24.0
2026-03-11T16:00,Hyderabad,33.5,24.0
2026-03-11T17:00,Hyderabad,43.9,32.0
2026-03-11T18:00,Hyderabad,45.8,36.3
2026-03-11T19:00,Hyderabad,50.6,41.4
2026-03-11T20:00,Hyderabad,52.7,43.8
2026-03-11T21:00,Hyderabad,53.4,44.1
2026-03-11T22:00,Hyderabad,55.4,45.2
2026-03-11T23:00,Hyderabad,57.2,45.9
2026-03-12T00:00,Hyderabad,56.7,44.8
2026-03-12T01:00,Hyderabad,56.3,44.2
2026-03-12T02:00,Hyderabad,56.3,44.0
2026-03-12T03:00,Hyderabad,55.6,43.4
2026-03-12T04:00,Hyderabad,54.6,42.6
2026-03-12T05:00,Hyderabad,52.3,41.9
2026-03-12T06:00,Hyderabad,53.3,43.8
2026-03-12T07:00,Hyderabad,61.5,52.5
2026-03-12T08:00,Hyderabad,50.2,43.5
2026-03-12T09:00,Hyderabad,41.7,34.5
2026-03-12T10:00,Hyderabad,39.2,30.6
2026-03-12T11:00,Hyderabad,37.0,26.9
2026-03-12T12:00,Hyderabad,35.7,25.0
2026-03-12T13:00,Hyderabad,34.9,24.2
2026-03-12T14:00,Hyderabad,34.1,23.8
2026-03-12T15:00,Hyderabad,33.5,23.5
2026-03-12T16:00,Hyderabad,32.8,23.2
2026-03-12T17:00,Hyderabad,42.1,31.0
2026-03-12T18:00,Hyderabad,46.1,36.2
2026-03-12T19:00,Hyderabad,51.8,41.4
2026-03-12T20:00,Hyderabad,54.1,43.3
2026-03-12T21:00,Hyderabad,55.3,43.3
2026-03-12T22:00,Hyderabad,57.0,43.9
2026-03-12T23:00,Hyderabad,57.4,43.5
2026-03-13T00:00,Hyderabad,56.0,41.7
2026-03-13T01:00,Hyderabad,55.4,41.0
2026-03-13T02:00,Hyderabad,54.4,40.2
2026-03-13T03:00,Hyderabad,52.6,39.0
2026-03-13T04:00,Hyderabad,50.2,37.4
2026-03-13T05:00,Hyderabad,49.0,35.6
2026-03-13T06:00,Hyderabad,50.9,37.6
2026-03-13T07:00,Hyderabad,57.5,44.6
2026-03-13T08:00,Hyderabad,53.6,43.4
2026-03-13T09:00,Hyderabad,50.6,36.3
2026-03-13T10:00,Hyderabad,53.1,36.1
2026-03-13T11:00,Hyderabad,52.5,35.6
2026-03-13T12:00,Hyderabad,49.9,33.9
2026-03-13T13:00,Hyderabad,47.1,32.1
2026-03-13T14:00,Hyderabad,45.1,30.7
2026-03-13T15:00,Hyderabad,43.2,29.5
2026-03-13T16:00,Hyderabad,41.6,28.5
2026-03-13T17:00,Hyderabad,57.2,40.0
2026-03-13T18:00,Hyderabad,58.2,43.7
2026-03-13T19:00,Hyderabad,59.8,46.0
2026-03-13T20:00,Hyderabad,59.8,46.2
2026-03-13T21:00,Hyderabad,58.8,45.4
2026-03-13T22:00,Hyderabad,55.9,44.0
2026-03-13T23:00,Hyderabad,49.5,40.6
2026-03-14T00:00,Hyderabad,43.5,36.8
2026-03-14T01:00,Hyderabad,41.1,34.8
2026-03-14T02:00,Hyderabad,40.9,34.1
2026-03-14T03:00,Hyderabad,41.6,34.0
2026-03-14T04:00,Hyderabad,42.6,34.2
2026-03-14T05:00,Hyderabad,42.7,35.2
2026-03-14T06:00,Hyderabad,44.8,36.3
2026-03-14T07:00,Hyderabad,49.8,40.9
2026-03-14T08:00,Hyderabad,45.8,36.9
2026-03-14T09:00,Hyderabad,45.3,33.1
2026-03-14T10:00,Hyderabad,45.5,31.3
2026-03-14T11:00,Hyderabad,45.8,30.9
2026-03-14T12:00,Hyderabad,46.0,30.7
2026-03-14T13:00,Hyderabad,47.1,31.5
2026-03-14T14:00,Hyderabad,48.0,32.6
2026-03-14T15:00,Hyderabad,47.8,32.9
2026-03-14T16:00,Hyderabad,47.6,33.3
2026-03-14T17:00,Hyderabad,52.6,38.1
2026-03-14T18:00,Hyderabad,54.2,41.9
2026-03-14T19:00,Hyderabad,55.3,44.1
2026-03-14T20:00,Hyderabad,54.5,44.2
2026-03-14T21:00,Hyderabad,51.6,42.6
2026-03-14T22:00,Hyderabad,45.9,38.8
2026-03-14T23:00,Hyderabad,40.0,34.2
2026-03-15T00:00,Hyderabad,35.9,30.4
2026-03-15T01:00,Hyderabad,33.8,28.1
2026-03-15T02:00,Hyderabad,32.8,26.8
2026-03-15T03:00,Hyderabad,32.4,26.1
2026-03-15T04:00,Hyderabad,33.1,26.4
2026-03-15T05:00,Hyderabad,37.4,29.4
2026-03-15T06:00,Hyderabad,37.7,29.8
2026-03-15T07:00,Hyderabad,38.4,31.5
2026-03-15T08:00,Hyderabad,33.4,27.1
2026-03-15T09:00,Hyderabad,29.5,23.6
2026-03-15T10:00,Hyderabad,29.6,22.1
2026-03-15T11:00,Hyderabad,35.5,24.3
2026-03-15T12:00,Hyderabad,40.9,26.8
2026-03-15T13:00,Hyderabad,42.4,27.9
2026-03-15T14:00,Hyderabad,43.3,29.2
2026-03-15T15:00,Hyderabad,44.6,30.9
2026-03-15T16:00,Hyderabad,45.5,32.1
2026-03-15T17:00,Hyderabad,51.8,38.1
2026-03-15T18:00,Hyderabad,56.7,44.5
2026-03-15T19:00,Hyderabad,62.6,51.0
2026-03-15T20:00,Hyderabad,64.5,53.3
2026-03-15T21:00,Hyderabad,61.9,51.7
2026-03-15T22:00,Hyderabad,54.0,46.0
2026-03-15T23:00,Hyderabad,45.3,39.2
2026-03-16T00:00,Hyderabad,39.2,33.8
2026-03-16T01:00,Hyderabad,35.7,30.0
2026-03-16T02:00,Hyderabad,33.3,27.3
2026-03-16T03:00,Hyderabad,31.8,25.4
2026-03-16T04:00,Hyderabad,30.6,23.9
2026-03-16T05:00,Hyderabad,46.6,39.0
2026-03-16T06:00,Hyderabad,44.8,37.7
2026-03-16T07:00,Hyderabad,41.8,34.6
2026-03-16T08:00,Hyderabad,38.1,30.5
2026-03-16T09:00,Hyderabad,35.0,27.0
2026-03-16T10:00,Hyderabad,32.9,24.9
2026-03-16T11:00,Hyderabad,34.1,25.4
2026-03-16T12:00,Hyderabad,37.4,27.6
2026-03-16T13:00,Hyderabad,39.8,29.7
2026-03-16T14:00,Hyderabad,43.0,32.2
2026-03-16T15:00,Hyderabad,44.9,34.0
2026-03-16T16:00,Hyderabad,45.8,34.7
2026-03-16T17:00,Hyderabad,56.6,44.8
2026-03-16T18:00,Hyderabad,62.2,51.0
2026-03-16T19:00,Hyderabad,71.0,61.0
2026-03-16T20:00,Hyderabad,78.7,68.7
2026-03-16T21:00,Hyderabad,75.4,65.7
2026-03-16T22:00,Hyderabad,60.5,52.6
2026-03-16T23:00,Hyderabad,39.7,35.2
2026-03-17T00:00,Hyderabad,24.7,22.4
2026-03-17T01:00,Hyderabad,17.8,15.8
2026-03-17T02:00,Hyderabad,15.8,13.5
2026-03-17T03:00,Hyderabad,16.3,13.1
2026-03-17T04:00,Hyderabad,17.6,13.5
2026-03-17T05:00,Hyderabad,22.0,17.9
2026-03-17T06:00,Hyderabad,22.9,18.5
2026-03-17T07:00,Hyderabad,26.1,22.0
2026-03-17T08:00,Hyderabad,24.0,19.2
2026-03-17T09:00,Hyderabad,23.2,17.5
2026-03-17T10:00,Hyderabad,23.5,17.6
2026-03-17T11:00,Hyderabad,26.4,19.9
2026-03-17T12:00,Hyderabad,32.6,24.6
2026-03-17T13:00,Hyderabad,37.7,28.8
2026-03-17T14:00,Hyderabad,40.0,31.0
2026-03-17T15:00,Hyderabad,40.9,31.8
2026-03-17T16:00,Hyderabad,40.5,31.7
2026-03-17T17:00,Hyderabad,49.7,38.0
2026-03-17T18:00,Hyderabad,52.5,42.7
2026-03-17T19:00,Hyderabad,48.4,41.4
2026-03-17T20:00,Hyderabad,42.3,37.1
2026-03-17T21:00,Hyderabad,48.1,42.4
2026-03-17T22:00,Hyderabad,49.6,44.5
2026-03-17T23:00,Hyderabad,37.4,33.1
2026-03-18T00:00,Hyderabad,26.0,23.3
2026-03-18T01:00,Hyderabad,19.7,17.8
2026-03-18T02:00,Hyderabad,14.3,13.4
2026-03-18T03:00,Hyderabad,10.8,10.1
2026-03-18T04:00,Hyderabad,9.0,8.2
2026-03-18T05:00,Hyderabad,57.5,51.0
2026-03-18T06:00,Hyderabad,48.1,42.8
2026-03-18T07:00,Hyderabad,35.0,32.0
2026-03-18T08:00,Hyderabad,24.6,21.7
2026-03-18T09:00,Hyderabad,24.6,20.1
2026-03-18T10:00,Hyderabad,32.4,25.7
2026-03-18T11:00,Hyderabad,36.9,29.9
2026-03-18T12:00,Hyderabad,39.2,32.6
2026-03-18T13:00,Hyderabad,42.4,35.0
2026-03-18T14:00,Hyderabad,43.7,36.0
2026-03-18T15:00,Hyderabad,45.1,36.8
2026-03-18T16:00,Hyderabad,44.9,36.7
2026-03-18T17:00,Hyderabad,35.4,27.6
2026-03-18T18:00,Hyderabad,34.8,28.4
2026-03-18T19:00,Hyderabad,39.6,33.4
2026-03-18T20:00,Hyderabad,42.0,36.0
2026-03-18T21:00,Hyderabad,39.9,34.1
2026-03-18T22:00,Hyderabad,39.1,33.3
2026-03-18T23:00,Hyderabad,38.2,32.4
2026-03-19T00:00,Hyderabad,35.4,29.9
2026-03-19T01:00,Hyderabad,32.8,27.7
2026-03-19T02:00,Hyderabad,30.5,25.8
2026-03-19T03:00,Hyderabad,29.2,24.4
2026-03-19T04:00,Hyderabad,27.8,23.1
2026-03-19T05:00,Hyderabad,17.1,14.8
2026-03-19T06:00,Hyderabad,20.0,16.9
2026-03-19T07:00,Hyderabad,24.7,21.8
2026-03-19T08:00,Hyderabad,21.3,17.8
2026-03-19T09:00,Hyderabad,16.8,12.6
2026-03-19T10:00,Hyderabad,15.0,10.8
2026-03-19T11:00,Hyderabad,16.8,12.1
2026-03-19T12:00,Hyderabad,19.1,13.8
2026-03-19T13:00,Hyderabad,23.2,15.6
2026-03-19T14:00,Hyderabad,24.2,16.6
2026-03-19T15:00,Hyderabad,25.9,17.9
2026-03-19T16:00,Hyderabad,27.7,19.1
2026-03-19T17:00,Hyderabad,19.4,13.6
2026-03-19T18:00,Hyderabad,24.7,19.2
2026-03-19T19:00,Hyderabad,31.4,26.4
2026-03-19T20:00,Hyderabad,32.4,27.8
2026-03-19T21:00,Hyderabad,31.8,27.5
2026-03-19T22:00,Hyderabad,31.0,26.9
2026-03-19T23:00,Hyderabad,29.1,25.3
2026-03-20T00:00,Hyderabad,25.1,21.8
2026-03-20T01:00,Hyderabad,21.8,19.3
2026-03-20T02:00,Hyderabad,20.9,18.6
2026-03-20T03:00,Hyderabad,21.4,18.9
2026-03-20T04:00,Hyderabad,22.3,19.6
2026-03-20T05:00,Hyderabad,37.1,31.7
2026-03-20T06:00,Hyderabad,42.3,35.9
2026-03-20T07:00,Hyderabad,47.4,41.1
2026-03-20T08:00,Hyderabad,37.1,28.9
2026-03-20T09:00,Hyderabad,25.8,18.3
2026-03-20T10:00,Hyderabad,27.2,17.6
2026-03-20T11:00,Hyderabad,27.5,17.8
2026-03-20T12:00,Hyderabad,28.6,18.2
2026-03-20T13:00,Hyderabad,30.4,18.3
2026-03-20T14:00,Hyderabad,30.5,18.3
2026-03-20T15:00,Hyderabad,31.4,18.7
2026-03-20T16:00,Hyderabad,33.5,19.7
2026-03-20T17:00,Hyderabad,23.0,13.7
2026-03-20T18:00,Hyderabad,29.2,20.1
2026-03-20T19:00,Hyderabad,43.1,34.1
2026-03-20T20:00,Hyderabad,54.0,45.1
2026-03-20T21:00,Hyderabad,61.2,52.4
2026-03-20T22:00,Hyderabad,65.9,57.2
2026-03-20T23:00,Hyderabad,63.8,55.4
2026-03-21T00:00,Hyderabad,56.6,48.5
2026-03-21T01:00,Hyderabad,44.2,37.1
2026-03-21T02:00,Hyderabad,33.8,28.1
2026-03-21T03:00,Hyderabad,27.8,22.7
2026-03-21T04:00,Hyderabad,24.6,19.3
2026-03-21T05:00,Hyderabad,66.1,58.2
2026-03-21T06:00,Hyderabad,67.3,59.1
2026-03-21T07:00,Hyderabad,71.7,64.5
2026-03-21T08:00,Hyderabad,40.5,33.2
2026-03-21T09:00,Hyderabad,34.5,25.6
2026-03-21T10:00,Hyderabad,36.3,23.9
2026-03-21T11:00,Hyderabad,37.5,23.6
2026-03-21T12:00,Hyderabad,35.7,22.8
2026-03-21T13:00,Hyderabad,35.2,22.5
2026-03-21T14:00,Hyderabad,34.3,22.0
2026-03-21T15:00,Hyderabad,33.5,21.3
2026-03-21T16:00,Hyderabad,32.5,20.5
2026-03-21T17:00,Hyderabad,56.6,34.8
2026-03-21T18:00,Hyderabad,61.0,39.5
2026-03-21T19:00,Hyderabad,66.8,47.7
2026-03-21T20:00,Hyderabad,63.8,47.8
2026-03-21T21:00,Hyderabad,57.6,45.1
2026-03-21T22:00,Hyderabad,51.9,41.8
2026-03-21T23:00,Hyderabad,47.3,38.6
2026-03-22T00:00,Hyderabad,43.7,35.5
2026-03-22T01:00,Hyderabad,42.3,33.8
2026-03-22T02:00,Hyderabad,42.3,32.8
2026-03-22T03:00,Hyderabad,43.9,33.2
2026-03-22T04:00,Hyderabad,46.0,34.3
2026-03-22T05:00,Hyderabad,57.7,44.5
2026-03-22T06:00,Hyderabad,61.0,47.0
2026-03-22T07:00,Hyderabad,61.7,48.8
2026-03-22T08:00,Hyderabad,50.2,35.5
2026-03-22T09:00,Hyderabad,51.0,32.7
2026-03-22T10:00,Hyderabad,52.7,32.0
2026-03-22T11:00,Hyderabad,54.2,32.2
2026-03-22T12:00,Hyderabad,52.3,31.8
2026-03-22T13:00,Hyderabad,51.5,31.8
2026-03-22T14:00,Hyderabad,54.2,32.8
2026-03-22T15:00,Hyderabad,51.6,32.2
2026-03-22T16:00,Hyderabad,52.6,33.1
2026-03-22T17:00,Hyderabad,58.3,34.1
2026-03-22T18:00,Hyderabad,59.8,36.6
2026-03-22T19:00,Hyderabad,62.6,42.7
2026-03-22T20:00,Hyderabad,58.9,44.5
2026-03-22T21:00,Hyderabad,53.1,42.4
2026-03-22T22:00,Hyderabad,49.6,40.2
2026-03-22T23:00,Hyderabad,46.9,37.8
2026-03-23T00:00,Hyderabad,44.6,35.6
2026-03-23T01:00,Hyderabad,42.4,33.5
2026-03-23T02:00,Hyderabad,40.6,31.8
2026-03-23T03:00,Hyderabad,39.1,30.2
2026-03-23T04:00,Hyderabad,37.6,28.6
2026-03-23T05:00,Hyderabad,40.6,31.7
2026-03-23T06:00,Hyderabad,38.9,30.5
2026-03-23T07:00,Hyderabad,35.0,28.3
2026-03-23T08:00,Hyderabad,29.2,21.2
2026-03-23T09:00,Hyderabad,31.4,21.1
2026-03-23T10:00,Hyderabad,36.4,23.9
2026-03-23T11:00,Hyderabad,39.2,25.6
2026-03-23T12:00,Hyderabad,40.2,26.0
2026-03-23T13:00,Hyderabad,39.1,25.6
2026-03-23T14:00,Hyderabad,45.3,29.2
2026-03-23T15:00,Hyderabad,39.6,26.1
2026-03-23T16:00,Hyderabad,42.6,28.0
2026-03-23T17:00,Hyderabad,46.8,31.5
2026-03-23T18:00,Hyderabad,43.9,32.1
2026-03-23T19:00,Hyderabad,44.4,35.2
2026-03-23T20:00,Hyderabad,43.9,36.3
2026-03-23T21:00,Hyderabad,44.1,37.1
2026-03-23T22:00,Hyderabad,44.9,38.0
2026-03-23T23:00,Hyderabad,43.7,36.8
2026-03-24T00:00,Hyderabad,39.3,32.8
2026-03-24T01:00,Hyderabad,34.8,28.6
2026-03-24T02:00,Hyderabad,31.3,25.0
2026-03-24T03:00,Hyderabad,29.1,22.6
2026-03-24T04:00,Hyderabad,27.9,21.2
2026-03-24T05:00,Hyderabad,26.7,19.9
2026-03-24T06:00,Hyderabad,25.7,18.9
2026-03-24T07:00,Hyderabad,26.6,20.7
2026-03-24T08:00,Hyderabad,26.7,19.6
2026-03-24T09:00,Hyderabad,26.4,18.6
2026-03-24T10:00,Hyderabad,29.1,20.1
2026-03-24T11:00,Hyderabad,33.5,23.0
2026-03-24T12:00,Hyderabad,37.1,25.7
2026-03-24T13:00,Hyderabad,37.5,26.1
2026-03-24T14:00,Hyderabad,38.2,26.8
2026-03-24T15:00,Hyderabad,38.6,27.3
2026-03-24T16:00,Hyderabad,39.2,28.1
2026-03-24T17:00,Hyderabad,43.2,31.3
2026-03-24T18:00,Hyderabad,43.3,32.9
2026-03-24T19:00,Hyderabad,46.3,37.0
2026-03-24T20:00,Hyderabad,51.1,41.1
2026-03-24T21:00,Hyderabad,54.6,44.5
2026-03-24T22:00,Hyderabad,59.6,49.1
2026-03-24T23:00,Hyderabad,61.7,51.3
2026-03-25T00:00,Hyderabad,58.1,48.9
2026-03-25T01:00,Hyderabad,48.2,40.6
2026-03-25T02:00,Hyderabad,38.9,32.6
2026-03-25T03:00,Hyderabad,32.4,26.9
2026-03-25T04:00,Hyderabad,28.1,22.9
2026-03-25T05:00,Hyderabad,37.5,30.7
2026-03-25T06:00,Hyderabad,37.3,30.9
2026-03-25T07:00,Hyderabad,37.4,32.1
2026-03-25T08:00,Hyderabad,37.6,30.5
2026-03-25T09:00,Hyderabad,39.2,30.3
2026-03-25T10:00,Hyderabad,38.1,28.6
2026-03-25T11:00,Hyderabad,38.1,28.8
2026-03-25T12:00,Hyderabad,45.3,33.4
2026-03-25T13:00,Hyderabad,41.0,30.7
2026-03-25T14:00,Hyderabad,44.4,33.2
2026-03-25T15:00,Hyderabad,43.1,32.5
2026-03-25T16:00,Hyderabad,43.7,33.1
2026-03-25T17:00,Hyderabad,46.3,35.2
2026-03-25T18:00,Hyderabad,47.7,37.6
2026-03-25T19:00,Hyderabad,51.5,42.1
2026-03-25T20:00,Hyderabad,50.8,41.9
2026-03-25T21:00,Hyderabad,50.9,42.3
2026-03-25T22:00,Hyderabad,51.6,43.0
2026-03-25T23:00,Hyderabad,51.1,42.4
2026-03-26T00:00,Hyderabad,47.7,39.1
2026-03-26T01:00,Hyderabad,43.5,35.6
2026-03-26T02:00,Hyderabad,40.3,32.7
2026-03-26T03:00,Hyderabad,37.7,30.4
2026-03-26T04:00,Hyderabad,36.8,29.1
2026-03-26T05:00,Hyderabad,55.2,46.3
2026-03-26T06:00,Hyderabad,61.0,52.2
2026-03-26T07:00,Hyderabad,66.6,58.7
2026-03-26T08:00,Hyderabad,43.7,35.3
2026-03-26T09:00,Hyderabad,37.7,28.5
2026-03-26T10:00,Hyderabad,36.7,27.0
2026-03-26T11:00,Hyderabad,36.8,26.8
2026-03-26T12:00,Hyderabad,36.4,26.6
2026-03-26T13:00,Hyderabad,34.9,26.0
2026-03-26T14:00,Hyderabad,33.5,25.3
2026-03-26T15:00,Hyderabad,32.5,24.8
2026-03-26T16:00,Hyderabad,31.8,24.4
2026-03-26T17:00,Hyderabad,28.8,22.5
2026-03-26T18:00,Hyderabad,34.5,29.1
2026-03-26T19:00,Hyderabad,38.0,33.2
2026-03-26T20:00,Hyderabad,38.4,34.1
2026-03-26T21:00,Hyderabad,37.4,33.2
2026-03-26T22:00,Hyderabad,34.7,30.5
2026-03-26T23:00,Hyderabad,32.0,27.9
2026-03-27T00:00,Hyderabad,29.0,25.1
2026-03-27T01:00,Hyderabad,27.4,22.9
2026-03-27T02:00,Hyderabad,26.3,21.2
2026-03-27T03:00,Hyderabad,25.6,20.0
2026-03-27T04:00,Hyderabad,25.2,19.1
2026-03-27T05:00,Hyderabad,25.3,19.6
2026-03-27T06:00,Hyderabad,26.0,20.5
2026-03-27T07:00,Hyderabad,27.6,23.3
2026-03-27T08:00,Hyderabad,27.0,21.9
2026-03-27T09:00,Hyderabad,25.9,20.0
2026-03-27T10:00,Hyderabad,24.3,18.5
2026-03-27T11:00,Hyderabad,26.4,19.8
2026-03-27T12:00,Hyderabad,29.3,22.1
2026-03-27T13:00,Hyderabad,31.1,23.6
2026-03-27T14:00,Hyderabad,32.1,24.6
2026-03-27T15:00,Hyderabad,32.9,25.4
2026-03-27T16:00,Hyderabad,33.8,26.0
2026-03-27T17:00,Hyderabad,46.0,35.2
2026-03-27T18:00,Hyderabad,52.0,41.8
2026-03-27T19:00,Hyderabad,59.6,49.2
2026-03-27T20:00,Hyderabad,60.1,50.2
2026-03-27T21:00,Hyderabad,55.9,47.1
2026-03-27T22:00,Hyderabad,51.1,43.2
2026-03-27T23:00,Hyderabad,47.7,39.8
2026-03-28T00:00,Hyderabad,44.7,36.9
2026-03-28T01:00,Hyderabad,44.1,35.6
2026-03-28T02:00,Hyderabad,43.1,35.2
2026-03-28T03:00,Hyderabad,42.5,35.4
2026-03-28T04:00,Hyderabad,44.0,36.9
2026-03-28T05:00,Hyderabad,56.1,47.7
2026-03-28T06:00,Hyderabad,57.5,49.1
2026-03-28T07:00,Hyderabad,58.9,51.3
2026-03-28T08:00,Hyderabad,59.5,51.1
2026-03-28T09:00,Hyderabad,57.3,48.1
2026-03-28T10:00,Hyderabad,49.9,41.4
2026-03-28T11:00,Hyderabad,43.0,35.7
2026-03-28T12:00,Hyderabad,38.3,31.4
2026-03-28T13:00,Hyderabad,35.7,28.9
2026-03-28T14:00,Hyderabad,33.6,27.1
2026-03-28T15:00,Hyderabad,31.9,25.6
2026-03-28T16:00,Hyderabad,30.5,24.4
2026-03-28T17:00,Hyderabad,29.6,24.4
2026-03-28T18:00,Hyderabad,38.0,33.1
2026-03-28T19:00,Hyderabad,50.3,45.3
2026-03-28T20:00,Hyderabad,61.9,56.8
2026-03-28T21:00,Hyderabad,67.3,62.4
2026-03-28T22:00,Hyderabad,67.5,62.4
2026-03-28T23:00,Hyderabad,63.6,58.2
2026-03-29T00:00,Hyderabad,54.7,49.4
2026-03-29T01:00,Hyderabad,48.2,42.7
2026-03-29T02:00,Hyderabad,44.9,39.2
2026-03-29T03:00,Hyderabad,42.6,36.9
2026-03-29T04:00,Hyderabad,40.9,35.3
2026-03-29T05:00,Hyderabad,32.5,29.7
2026-03-29T06:00,Hyderabad,32.4,29.8
2026-03-29T07:00,Hyderabad,33.9,31.8
2026-03-29T08:00,Hyderabad,31.9,29.8
2026-03-29T09:00,Hyderabad,27.6,25.1
2026-03-29T10:00,Hyderabad,23.7,21.3
2026-03-29T11:00,Hyderabad,22.2,19.8
2026-03-29T12:00,Hyderabad,21.4,19.0
2026-03-29T13:00,Hyderabad,21.0,18.5
2026-03-29T14:00,Hyderabad,20.5,17.9
2026-03-29T15:00,Hyderabad,19.9,17.3
2026-03-29T16:00,Hyderabad,19.3,17.0
2026-03-29T17:00,Hyderabad,19.3,17.3
2026-03-29T18:00,Hyderabad,25.9,24.2
2026-03-29T19:00,Hyderabad,33.8,32.0
2026-03-29T20:00,Hyderabad,37.5,35.5
2026-03-29T21:00,Hyderabad,39.3,37.1
2026-03-29T22:00,Hyderabad,41.0,38.2
2026-03-29T23:00,Hyderabad,41.6,38.2
2026-03-30T00:00,Hyderabad,44.1,39.3
2026-03-30T01:00,Hyderabad,48.9,42.4
2026-03-30T02:00,Hyderabad,53.3,45.5
2026-03-30T03:00,Hyderabad,56.5,47.8
2026-03-30T04:00,Hyderabad,58.2,49.5
2026-03-30T05:00,Hyderabad,54.6,48.3
2026-03-30T06:00,Hyderabad,56.6,50.5
2026-03-30T07:00,Hyderabad,57.7,52.7
2026-03-30T08:00,Hyderabad,58.2,52.5
2026-03-30T09:00,Hyderabad,56.2,49.4
2026-03-30T10:00,Hyderabad,53.2,45.8
2026-03-30T11:00,Hyderabad,49.5,41.9
2026-03-30T12:00,Hyderabad,46.6,38.5
2026-03-30T13:00,Hyderabad,43.4,35.3
2026-03-30T14:00,Hyderabad,40.9,32.8
2026-03-30T15:00,Hyderabad,41.8,33.2
2026-03-30T16:00,Hyderabad,47.0,37.0
2026-03-30T17:00,Hyderabad,34.8,27.8
2026-03-30T18:00,Hyderabad,39.1,32.5
2026-03-30T19:00,Hyderabad,46.6,39.9
2026-03-30T20:00,Hyderabad,52.5,45.8
2026-03-30T21:00,Hyderabad,57.6,50.6
2026-03-30T22:00,Hyderabad,59.0,52.2
2026-03-30T23:00,Hyderabad,52.3,46.8
2026-03-31T00:00,Hyderabad,44.5,40.6
2026-03-31T01:00,Hyderabad,36.6,33.6
2026-03-31T02:00,Hyderabad,32.7,30.3
2026-03-31T03:00,Hyderabad,36.6,34.1
2026-03-31T04:00,Hyderabad,41.8,38.3
2026-03-31T05:00,Hyderabad,61.5,54.6
2026-03-31T06:00,Hyderabad,63.3,55.5
2026-03-31T07:00,Hyderabad,63.6,56.1
2026-03-31T08:00,Hyderabad,61.7,53.1
2026-03-31T09:00,Hyderabad,57.5,48.8
2026-03-31T10:00,Hyderabad,53.0,44.8
2026-03-31T11:00,Hyderabad,49.6,42.0
2026-03-31T12:00,Hyderabad,47.6,40.4
2026-03-31T13:00,Hyderabad,46.7,39.6
2026-03-31T14:00,Hyderabad,46.0,38.9
2026-03-31T15:00,Hyderabad,45.5,38.3
2026-03-31T16:00,Hyderabad,45.2,38.2
2026-03-31T17:00,Hyderabad,46.4,39.0
2026-03-31T18:00,Hyderabad,53.1,46.8
2026-03-31T19:00,Hyderabad,59.5,53.4
2026-03-31T20:00,Hyderabad,57.7,52.3
2026-03-31T21:00,Hyderabad,55.6,50.3
2026-03-31T22:00,Hyderabad,54.4,49.0
2026-03-31T23:00,Hyderabad,52.6,47.1
2026-04-01T00:00,Hyderabad,50.6,44.7
2026-04-01T01:00,Hyderabad,49.5,43.1
2026-04-01T02:00,Hyderabad,48.8,42.0
2026-04-01T03:00,Hyderabad,48.3,41.3
2026-04-01T04:00,Hyderabad,47.5,40.4
2026-04-01T05:00,Hyderabad,41.9,35.6
2026-04-01T06:00,Hyderabad,43.8,37.6
2026-04-01T07:00,Hyderabad,42.5,37.5
2026-04-01T08:00,Hyderabad,35.3,29.5
2026-04-01T09:00,Hyderabad,32.5,26.2
2026-04-01T10:00,Hyderabad,33.5,26.7
2026-04-01T11:00,Hyderabad,34.3,27.5
2026-04-01T12:00,Hyderabad,34.0,26.9
2026-04-01T13:00,Hyderabad,32.2,25.6
2026-04-01T14:00,Hyderabad,31.4,25.0
2026-04-01T15:00,Hyderabad,30.6,24.4
2026-04-01T16:00,Hyderabad,30.2,24.2
2026-04-01T17:00,Hyderabad,23.9,19.4
2026-04-01T18:00,Hyderabad,27.5,24.0
2026-04-01T19:00,Hyderabad,31.8,28.8
2026-04-01T20:00,Hyderabad,32.5,29.8
2026-04-01T21:00,Hyderabad,31.2,28.8
2026-04-01T22:00,Hyderabad,29.0,27.0
2026-04-01T23:00,Hyderabad,25.8,24.0
2026-04-02T00:00,Hyderabad,21.5,20.0
2026-04-02T01:00,Hyderabad,17.7,16.1
2026-04-02T02:00,Hyderabad,14.9,13.1
2026-04-02T03:00,Hyderabad,13.2,11.1
2026-04-02T04:00,Hyderabad,13.0,10.2
2026-04-02T05:00,Hyderabad,22.3,19.6
2026-04-02T06:00,Hyderabad,27.1,23.8
2026-04-02T07:00,Hyderabad,27.2,24.4
2026-04-02T08:00,Hyderabad,21.2,17.6
2026-04-02T09:00,Hyderabad,17.9,14.1
2026-04-02T10:00,Hyderabad,16.6,12.8
2026-04-02T11:00,Hyderabad,17.1,13.1
2026-04-02T12:00,Hyderabad,18.3,13.9
2026-04-02T13:00,Hyderabad,20.1,15.1
2026-04-02T14:00,Hyderabad,20.9,15.8
2026-04-02T15:00,Hyderabad,21.1,16.1
2026-04-02T16:00,Hyderabad,21.2,16.3
2026-04-02T17:00,Hyderabad,19.5,15.7
2026-04-02T18:00,Hyderabad,22.5,19.2
2026-04-02T19:00,Hyderabad,29.4,26.2
2026-04-02T20:00,Hyderabad,33.5,30.2
2026-04-02T21:00,Hyderabad,35.0,31.5
2026-04-02T22:00,Hyderabad,34.2,30.7
2026-04-02T23:00,Hyderabad,31.8,28.1
2026-04-03T00:00,Hyderabad,30.4,26.4
2026-04-03T01:00,Hyderabad,29.3,25.3
2026-04-03T02:00,Hyderabad,27.5,23.7
2026-04-03T03:00,Hyderabad,25.4,21.9
2026-04-03T04:00,Hyderabad,23.4,20.2
2026-04-03T05:00,Hyderabad,18.3,15.6
2026-04-03T06:00,Hyderabad,23.8,21.1
2026-04-03T07:00,Hyderabad,23.7,21.5
2026-04-03T08:00,Hyderabad,15.0,12.4
2026-04-03T09:00,Hyderabad,12.8,9.8
2026-04-03T10:00,Hyderabad,14.0,10.5
2026-04-03T11:00,Hyderabad,18.1,13.3
2026-04-03T12:00,Hyderabad,21.8,15.7
2026-04-03T13:00,Hyderabad,23.7,16.8
2026-04-03T14:00,Hyderabad,24.6,17.3
2026-04-03T15:00,Hyderabad,25.1,17.8
2026-04-03T16:00,Hyderabad,25.4,18.0
2026-04-03T17:00,Hyderabad,29.7,21.4
2026-04-03T18:00,Hyderabad,32.0,24.6
2026-04-03T19:00,Hyderabad,38.1,31.3
2026-04-03T20:00,Hyderabad,39.9,33.9
2026-04-03T21:00,Hyderabad,40.2,34.6
2026-04-03T22:00,Hyderabad,38.1,32.9
2026-04-03T23:00,Hyderabad,33.5,29.1
2026-04-04T00:00,Hyderabad,28.9,25.1
2026-04-04T01:00,Hyderabad,24.6,21.5
2026-04-04T02:00,Hyderabad,21.1,18.5
2026-04-04T03:00,Hyderabad,19.2,16.7
2026-04-04T04:00,Hyderabad,19.7,17.2
2026-04-04T05:00,Hyderabad,38.3,32.9
2026-04-04T06:00,Hyderabad,44.4,38.3
2026-04-04T07:00,Hyderabad,46.7,41.0
2026-04-04T08:00,Hyderabad,43.9,37.6
2026-04-04T09:00,Hyderabad,37.4,30.9
2026-04-04T10:00,Hyderabad,34.8,27.7
2026-04-04T11:00,Hyderabad,35.2,27.4
2026-04-04T12:00,Hyderabad,35.9,27.9
2026-04-04T13:00,Hyderabad,36.9,28.7
2026-04-04T14:00,Hyderabad,37.6,29.3
2026-04-04T15:00,Hyderabad,38.2,29.7
2026-04-04T16:00,Hyderabad,39.2,30.5
2026-04-04T17:00,Hyderabad,42.4,32.8
2026-04-04T18:00,Hyderabad,44.6,35.4
2026-04-04T19:00,Hyderabad,52.4,43.9
2026-04-04T20:00,Hyderabad,55.5,47.5
2026-04-04T21:00,Hyderabad,57.5,49.7
2026-04-04T22:00,Hyderabad,61.2,53.4
2026-04-04T23:00,Hyderabad,65.4,57.6
2026-04-05T00:00,Hyderabad,66.6,58.9
2026-04-05T01:00,Hyderabad,66.4,58.6
2026-04-05T02:00,Hyderabad,68.0,60.1
2026-04-05T03:00,Hyderabad,71.2,63.3
2026-04-05T04:00,Hyderabad,75.7,67.5
2026-04-05T05:00,Hyderabad,33.9,30.3
2026-04-05T06:00,Hyderabad,36.7,33.2
2026-04-05T07:00,Hyderabad,37.0,34.3
2026-04-05T08:00,Hyderabad,33.3,29.7
2026-04-05T09:00,Hyderabad,33.4,29.1
2026-04-05T10:00,Hyderabad,36.0,30.9
2026-04-05T11:00,Hyderabad,46.4,38.1
2026-04-05T12:00,Hyderabad,52.3,41.9
2026-04-05T13:00,Hyderabad,52.9,42.7
2026-04-05T14:00,Hyderabad,53.4,43.2
2026-04-05T15:00,Hyderabad,51.9,42.0
2026-04-05T16:00,Hyderabad,50.9,41.1
2026-04-05T17:00,Hyderabad,50.9,40.5
2026-04-05T18:00,Hyderabad,49.9,40.3
2026-04-05T19:00,Hyderabad,54.8,45.3
2026-04-05T20:00,Hyderabad,61.0,51.5
2026-04-05T21:00,Hyderabad,65.9,56.3
2026-04-05T22:00,Hyderabad,68.2,58.7
2026-04-05T23:00,Hyderabad,65.9,56.3
2026-04-06T00:00,Hyderabad,62.2,53.0
2026-04-06T01:00,Hyderabad,61.7,52.4
2026-04-06T02:00,Hyderabad,63.3,53.7
2026-04-06T03:00,Hyderabad,64.3,54.8
2026-04-06T04:00,Hyderabad,63.6,54.4
2026-04-06T05:00,Hyderabad,75.2,64.7
2026-04-06T06:00,Hyderabad,68.2,58.6
2026-04-06T07:00,Hyderabad,51.7,44.9
2026-04-06T08:00,Hyderabad,40.2,31.8
2026-04-06T09:00,Hyderabad,32.2,23.1
2026-04-06T10:00,Hyderabad,30.9,21.0
2026-04-06T11:00,Hyderabad,32.5,22.5
2026-04-06T12:00,Hyderabad,31.7,22.2
2026-04-06T13:00,Hyderabad,27.1,19.0
2026-04-06T14:00,Hyderabad,21.9,15.4
2026-04-06T15:00,Hyderabad,18.0,12.5
2026-04-06T16:00,Hyderabad,15.4,10.5
2026-04-06T17:00,Hyderabad,13.0,9.5
2026-04-06T18:00,Hyderabad,14.3,11.8
2026-04-06T19:00,Hyderabad,18.9,16.8
2026-04-06T20:00,Hyderabad,20.3,18.6
2026-04-06T21:00,Hyderabad,19.3,17.8
2026-04-06T22:00,Hyderabad,17.6,16.3
2026-04-06T23:00,Hyderabad,15.9,14.8
2026-04-07T00:00,Hyderabad,14.6,13.7
2026-04-07T01:00,Hyderabad,15.8,15.0
2026-04-07T02:00,Hyderabad,18.3,17.5
2026-04-07T03:00,Hyderabad,22.1,21.2
2026-04-07T04:00,Hyderabad,26.0,25.0
2026-04-07T05:00,Hyderabad,24.6,23.2
2026-04-07T06:00,Hyderabad,27.8,26.3
2026-04-07T07:00,Hyderabad,29.9,28.5
2026-04-07T08:00,Hyderabad,27.2,24.2
2026-04-07T09:00,Hyderabad,26.8,21.2
2026-04-07T10:00,Hyderabad,27.4,20.8
2026-04-07T11:00,Hyderabad,27.2,20.5
2026-04-07T12:00,Hyderabad,25.8,19.5
2026-04-07T13:00,Hyderabad,24.4,18.5
2026-04-07T14:00,Hyderabad,23.5,17.5
2026-04-07T15:00,Hyderabad,22.9,16.6
2026-04-07T16:00,Hyderabad,22.6,16.5
2026-04-07T17:00,Hyderabad,19.4,15.5
2026-04-07T18:00,Hyderabad,24.5,20.8
2026-04-07T19:00,Hyderabad,35.0,31.3
2026-04-07T20:00,Hyderabad,44.4,40.5
2026-04-07T21:00,Hyderabad,50.1,46.1
2026-04-07T22:00,Hyderabad,50.8,46.8
2026-04-07T23:00,Hyderabad,50.8,46.0
2026-04-08T00:00,Hyderabad,48.3,42.0
2026-04-08T01:00,Hyderabad,47.1,38.2
2026-04-08T02:00,Hyderabad,48.7,36.7
2026-04-08T03:00,Hyderabad,51.5,36.6
2026-04-08T04:00,Hyderabad,54.5,37.3
2026-04-08T05:00,Hyderabad,47.8,27.9
2026-04-08T06:00,Hyderabad,52.0,31.9
2026-04-08T07:00,Hyderabad,44.4,31.1
2026-04-08T08:00,Hyderabad,41.4,24.0
2026-04-08T09:00,Hyderabad,57.5,23.7
2026-04-08T10:00,Hyderabad,63.1,23.8
2026-04-08T11:00,Hyderabad,61.9,23.0
2026-04-08T12:00,Hyderabad,60.8,22.5
2026-04-08T13:00,Hyderabad,61.0,22.3
2026-04-08T14:00,Hyderabad,62.4,22.4
2026-04-08T15:00,Hyderabad,63.8,22.7
2026-04-08T16:00,Hyderabad,64.5,22.6
2026-04-08T17:00,Hyderabad,61.5,21.7
2026-04-08T18:00,Hyderabad,65.0,27.9
2026-04-08T19:00,Hyderabad,79.2,40.6
2026-04-08T20:00,Hyderabad,86.8,49.5
2026-04-08T21:00,Hyderabad,85.0,49.2
2026-04-08T22:00,Hyderabad,81.0,46.0
2026-04-08T23:00,Hyderabad,78.2,43.2
2026-04-09T00:00,Hyderabad,74.0,40.4
2026-04-09T01:00,Hyderabad,65.9,37.7
2026-04-09T02:00,Hyderabad,61.7,38.8
2026-04-09T03:00,Hyderabad,61.2,41.0
2026-04-09T04:00,Hyderabad,62.4,42.4
2026-04-09T05:00,Hyderabad,80.3,52.7
2026-04-09T06:00,Hyderabad,78.7,53.0
2026-04-09T07:00,Hyderabad,67.3,48.2
2026-04-09T08:00,Hyderabad,61.5,37.4
2026-04-09T09:00,Hyderabad,54.8,29.7
2026-04-09T10:00,Hyderabad,49.7,25.1
2026-04-09T11:00,Hyderabad,47.8,22.6
2026-04-09T12:00,Hyderabad,48.1,21.8
2026-04-09T13:00,Hyderabad,47.7,21.1
2026-04-09T14:00,Hyderabad,46.2,20.3
2026-04-09T15:00,Hyderabad,44.5,19.4
2026-04-09T16:00,Hyderabad,42.8,18.7
2026-04-09T17:00,Hyderabad,26.7,13.7
2026-04-09T18:00,Hyderabad,30.6,18.7
2026-04-09T19:00,Hyderabad,40.4,28.9
2026-04-09T20:00,Hyderabad,49.0,37.5
2026-04-09T21:00,Hyderabad,54.2,42.3
2026-04-09T22:00,Hyderabad,54.0,41.2
2026-04-09T23:00,Hyderabad,51.2,37.7
2026-04-10T00:00,Hyderabad,51.1,37.5
2026-04-10T01:00,Hyderabad,51.6,39.2
2026-04-10T02:00,Hyderabad,50.9,40.4
2026-04-10T03:00,Hyderabad,49.4,41.3
2026-04-10T04:00,Hyderabad,49.0,42.8
2026-04-10T05:00,Hyderabad,85.0,40.7
2026-04-10T06:00,Hyderabad,89.6,43.7
2026-04-10T07:00,Hyderabad,78.2,43.0
2026-04-10T08:00,Hyderabad,72.6,35.2
2026-04-10T09:00,Hyderabad,61.2,29.9
2026-04-10T10:00,Hyderabad,62.6,28.6
2026-04-10T11:00,Hyderabad,66.1,27.8
2026-04-10T12:00,Hyderabad,68.9,27.8
2026-04-10T13:00,Hyderabad,68.7,27.6
2026-04-10T14:00,Hyderabad,66.6,27.0
2026-04-10T15:00,Hyderabad,63.3,26.1
2026-04-10T16:00,Hyderabad,60.5,25.7
2026-04-10T17:00,Hyderabad,39.6,19.3
2026-04-10T18:00,Hyderabad,41.4,23.3
2026-04-10T19:00,Hyderabad,47.7,30.7
2026-04-10T20:00,Hyderabad,50.3,34.3
2026-04-10T21:00,Hyderabad,52.4,36.9
2026-04-10T22:00,Hyderabad,55.3,39.8
2026-04-10T23:00,Hyderabad,57.9,42.5
2026-04-11T00:00,Hyderabad,59.3,44.1
2026-04-11T01:00,Hyderabad,60.3,45.5
2026-04-11T02:00,Hyderabad,62.9,48.1
2026-04-11T03:00,Hyderabad,64.5,49.8
2026-04-11T04:00,Hyderabad,66.4,51.7
2026-04-11T05:00,Hyderabad,47.6,36.4
2026-04-11T06:00,Hyderabad,45.8,37.0
2026-04-11T07:00,Hyderabad,42.7,37.0
2026-04-11T08:00,Hyderabad,41.7,33.9
2026-04-11T09:00,Hyderabad,41.6,29.6
2026-04-11T10:00,Hyderabad,39.5,27.0
2026-04-11T11:00,Hyderabad,38.3,25.8
2026-04-11T12:00,Hyderabad,38.5,25.7
2026-04-11T13:00,Hyderabad,39.1,26.3
2026-04-11T14:00,Hyderabad,39.7,26.8
2026-04-11T15:00,Hyderabad,40.2,27.2
2026-04-11T16:00,Hyderabad,40.2,27.5
2026-04-11T17:00,Hyderabad,50.9,35.4
2026-04-11T18:00,Hyderabad,52.5,39.3
2026-04-11T19:00,Hyderabad,55.4,44.0
2026-04-11T20:00,Hyderabad,53.8,44.4
2026-04-11T21:00,Hyderabad,51.9,43.5
2026-04-11T22:00,Hyderabad,50.5,42.6
2026-04-11T23:00,Hyderabad,48.9,40.7
2026-04-12T00:00,Hyderabad,47.0,38.4
2026-04-12T01:00,Hyderabad,44.9,36.3
2026-04-12T02:00,Hyderabad,41.9,33.8
2026-04-12T03:00,Hyderabad,39.1,31.2
2026-04-12T04:00,Hyderabad,37.1,29.3
2026-04-12T05:00,Hyderabad,35.3,27.7
2026-04-12T06:00,Hyderabad,36.8,28.8
2026-04-12T07:00,Hyderabad,35.9,28.6
2026-04-12T08:00,Hyderabad,34.9,25.1
2026-04-12T09:00,Hyderabad,35.0,24.2
2026-04-12T10:00,Hyderabad,34.3,23.5
2026-04-12T11:00,Hyderabad,32.5,22.1
2026-04-12T12:00,Hyderabad,31.8,21.4
2026-04-12T13:00,Hyderabad,31.8,21.2
2026-04-12T14:00,Hyderabad,31.9,21.1
2026-04-12T15:00,Hyderabad,31.9,21.1
2026-04-12T16:00,Hyderabad,31.9,21.1
2026-04-12T17:00,Hyderabad,43.4,29.0
2026-04-12T18:00,Hyderabad,44.1,32.4
2026-04-12T19:00,Hyderabad,47.6,37.7
2026-04-12T20:00,Hyderabad,47.6,38.6
2026-04-12T21:00,Hyderabad,44.1,36.6
2026-04-12T22:00,Hyderabad,41.1,34.7
2026-04-12T23:00,Hyderabad,38.8,33.1
2026-04-13T00:00,Hyderabad,38.1,32.1
2026-04-13T01:00,Hyderabad,38.8,31.9
2026-04-13T02:00,Hyderabad,40.3,32.0
2026-04-13T03:00,Hyderabad,41.9,32.2
2026-04-13T04:00,Hyderabad,43.1,32.4
2026-04-13T05:00,Hyderabad,41.3,31.0
2026-04-13T06:00,Hyderabad,41.9,32.0
2026-04-13T07:00,Hyderabad,38.5,31.2
2026-04-13T08:00,Hyderabad,35.6,28.1
2026-04-13T09:00,Hyderabad,36.0,28.2
2026-04-13T10:00,Hyderabad,39.6,30.5
2026-04-13T11:00,Hyderabad,43.4,32.2
2026-04-13T12:00,Hyderabad,46.3,33.5
2026-04-13T13:00,Hyderabad,47.7,34.0
2026-04-13T14:00,Hyderabad,47.8,34.1
2026-04-13T15:00,Hyderabad,47.8,34.3
2026-04-13T16:00,Hyderabad,48.1,34.6
2026-04-13T17:00,Hyderabad,56.1,39.8
2026-04-13T18:00,Hyderabad,59.6,44.0
2026-04-13T19:00,Hyderabad,68.2,53.2
2026-04-13T20:00,Hyderabad,70.3,56.1
2026-04-13T21:00,Hyderabad,69.4,56.0
2026-04-13T22:00,Hyderabad,60.5,49.1
2026-04-13T23:00,Hyderabad,44.8,37.5
2026-04-14T00:00,Hyderabad,35.7,30.0
2026-04-14T01:00,Hyderabad,31.4,25.7
2026-04-14T02:00,Hyderabad,29.9,23.6
2026-04-14T03:00,Hyderabad,30.3,22.8
2026-04-14T04:00,Hyderabad,31.2,22.8
2026-04-14T05:00,Hyderabad,33.2,25.1
2026-04-14T06:00,Hyderabad,32.1,25.0
2026-04-14T07:00,Hyderabad,31.1,24.9
2026-04-14T08:00,Hyderabad,30.0,23.2
2026-04-14T09:00,Hyderabad,30.7,23.5
2026-04-14T10:00,Hyderabad,36.8,27.4
2026-04-14T11:00,Hyderabad,43.7,32.1
2026-04-14T12:00,Hyderabad,46.1,33.8
2026-04-14T13:00,Hyderabad,46.0,33.8
2026-04-14T14:00,Hyderabad,45.6,33.5
2026-04-14T15:00,Hyderabad,45.4,33.6
2026-04-14T16:00,Hyderabad,45.4,33.8
2026-04-14T17:00,Hyderabad,50.3,36.9
2026-04-14T18:00,Hyderabad,53.6,40.6
2026-04-14T19:00,Hyderabad,59.8,48.0
2026-04-14T20:00,Hyderabad,61.9,50.8
2026-04-14T21:00,Hyderabad,63.3,52.5
2026-04-14T22:00,Hyderabad,58.2,48.5
2026-04-14T23:00,Hyderabad,42.0,35.9
2026-04-15T00:00,Hyderabad,31.1,27.0
2026-04-15T01:00,Hyderabad,24.4,21.4
2026-04-15T02:00,Hyderabad,21.2,18.4
2026-04-15T03:00,Hyderabad,20.0,17.1
2026-04-15T04:00,Hyderabad,19.7,16.8
2026-04-15T05:00,Hyderabad,22.0,19.1
2026-04-15T06:00,Hyderabad,21.7,19.0
2026-04-15T07:00,Hyderabad,22.2,20.3
2026-04-15T08:00,Hyderabad,22.0,19.0
2026-04-15T09:00,Hyderabad,25.6,20.9
2026-04-15T10:00,Hyderabad,29.0,23.0
2026-04-15T11:00,Hyderabad,31.2,24.3
2026-04-15T12:00,Hyderabad,32.1,24.9
2026-04-15T13:00,Hyderabad,32.8,25.5
2026-04-15T14:00,Hyderabad,32.7,25.5
2026-04-15T15:00,Hyderabad,32.7,25.7
2026-04-15T16:00,Hyderabad,32.9,26.0
2026-04-15T17:00,Hyderabad,43.4,33.5
2026-04-15T18:00,Hyderabad,49.2,40.0
2026-04-15T19:00,Hyderabad,58.1,48.5
2026-04-15T20:00,Hyderabad,59.6,50.1
2026-04-15T21:00,Hyderabad,56.2,47.3
2026-04-15T22:00,Hyderabad,54.5,45.4
2026-04-15T23:00,Hyderabad,54.6,45.3
2026-04-16T00:00,Hyderabad,48.7,40.6
2026-04-16T01:00,Hyderabad,40.0,34.2
2026-04-16T02:00,Hyderabad,34.0,29.4
2026-04-16T03:00,Hyderabad,29.0,25.3
2026-04-16T04:00,Hyderabad,25.2,22.1
2026-04-16T05:00,Hyderabad,21.1,18.6
2026-04-16T06:00,Hyderabad,19.6,17.7
2026-04-16T07:00,Hyderabad,18.9,17.7
2026-04-16T08:00,Hyderabad,19.7,18.1
2026-04-16T09:00,Hyderabad,24.4,21.5
2026-04-16T10:00,Hyderabad,30.2,25.1
2026-04-16T11:00,Hyderabad,33.2,27.0
2026-04-16T12:00,Hyderabad,34.8,28.0
2026-04-16T13:00,Hyderabad,35.4,28.5
2026-04-16T14:00,Hyderabad,35.6,28.8
2026-04-16T15:00,Hyderabad,36.1,29.3
2026-04-16T16:00,Hyderabad,36.4,29.7
2026-04-16T17:00,Hyderabad,35.0,28.7
2026-04-16T18:00,Hyderabad,40.9,34.6
2026-04-16T19:00,Hyderabad,51.0,44.8
2026-04-16T20:00,Hyderabad,58.2,52.4
2026-04-16T21:00,Hyderabad,52.4,47.6
2026-04-16T22:00,Hyderabad,41.7,38.6
2026-04-16T23:00,Hyderabad,31.2,29.6
2026-04-17T00:00,Hyderabad,25.8,24.7
2026-04-17T01:00,Hyderabad,23.7,22.6
2026-04-17T02:00,Hyderabad,23.3,21.9
2026-04-17T03:00,Hyderabad,23.7,21.9
2026-04-17T04:00,Hyderabad,24.2,22.1
2026-04-17T05:00,Hyderabad,26.0,23.5
2026-04-17T06:00,Hyderabad,27.3,24.9
2026-04-17T07:00,Hyderabad,29.0,27.1
2026-04-17T08:00,Hyderabad,31.2,28.6
2026-04-17T09:00,Hyderabad,32.7,29.7
2026-04-17T10:00,Hyderabad,34.5,30.3
2026-04-17T11:00,Hyderabad,33.3,28.6
2026-04-17T12:00,Hyderabad,33.2,28.2
2026-04-17T13:00,Hyderabad,33.1,27.9
2026-04-17T14:00,Hyderabad,32.7,27.6
2026-04-17T15:00,Hyderabad,32.6,27.6
2026-04-17T16:00,Hyderabad,32.5,27.6
2026-04-17T17:00,Hyderabad,33.2,28.1
2026-04-17T18:00,Hyderabad,35.2,30.7
2026-04-17T19:00,Hyderabad,41.2,37.3
2026-04-17T20:00,Hyderabad,43.0,39.2
2026-04-17T21:00,Hyderabad,41.7,38.4
2026-04-17T22:00,Hyderabad,39.2,36.1
2026-04-17T23:00,Hyderabad,35.9,32.9
2026-04-18T00:00,Hyderabad,34.5,31.4
2026-04-18T01:00,Hyderabad,34.5,31.1
2026-04-18T02:00,Hyderabad,34.5,30.7
2026-04-18T03:00,Hyderabad,34.7,30.6
2026-04-18T04:00,Hyderabad,35.5,30.9
2026-04-18T05:00,Hyderabad,36.7,31.7
2026-04-18T06:00,Hyderabad,38.4,33.3
2026-04-18T07:00,Hyderabad,38.5,34.5
2026-04-18T08:00,Hyderabad,38.9,33.5
2026-04-18T09:00,Hyderabad,38.2,32.2
2026-04-18T10:00,Hyderabad,36.1,29.8
2026-04-18T11:00,Hyderabad,34.6,28.1
2026-04-18T12:00,Hyderabad,35.5,28.1
2026-04-18T13:00,Hyderabad,36.7,28.6
2026-04-18T14:00,Hyderabad,37.4,28.9
2026-04-18T15:00,Hyderabad,37.8,29.3
2026-04-18T16:00,Hyderabad,38.2,29.7
2026-04-18T17:00,Hyderabad,42.4,33.3
2026-04-18T18:00,Hyderabad,49.8,41.2
2026-04-18T19:00,Hyderabad,59.4,51.1
2026-04-18T20:00,Hyderabad,61.5,53.8
2026-04-18T21:00,Hyderabad,59.8,53.0
2026-04-18T22:00,Hyderabad,54.6,48.8
2026-04-18T23:00,Hyderabad,48.7,43.2
2026-04-19T00:00,Hyderabad,45.5,39.5
2026-04-19T01:00,Hyderabad,44.0,37.4
2026-04-19T02:00,Hyderabad,43.5,36.0
2026-04-19T03:00,Hyderabad,43.8,35.3
2026-04-19T04:00,Hyderabad,44.0,34.9
2026-04-19T05:00,Hyderabad,52.2,41.4
2026-04-19T06:00,Hyderabad,53.3,42.6
2026-04-19T07:00,Hyderabad,50.1,42.0
2026-04-19T08:00,Hyderabad,46.1,37.1
2026-04-19T09:00,Hyderabad,43.4,34.9
2026-04-19T10:00,Hyderabad,43.2,34.6
2026-04-19T11:00,Hyderabad,44.0,34.7
2026-04-19T12:00,Hyderabad,45.4,35.3
2026-04-19T13:00,Hyderabad,46.9,36.0
2026-04-19T14:00,Hyderabad,47.4,36.1
2026-04-19T15:00,Hyderabad,47.5,36.2
2026-04-19T16:00,Hyderabad,48.0,36.6
2026-04-19T17:00,Hyderabad,37.4,28.4
2026-04-19T18:00,Hyderabad,44.0,35.4
2026-04-19T19:00,Hyderabad,51.1,43.3
2026-04-19T20:00,Hyderabad,45.3,40.0
2026-04-19T21:00,Hyderabad,44.8,40.9
2026-04-19T22:00,Hyderabad,44.2,40.6
2026-04-19T23:00,Hyderabad,44.2,40.3
2026-04-20T00:00,Hyderabad,45.2,40.2
2026-04-20T01:00,Hyderabad,47.4,41.4
2026-04-20T02:00,Hyderabad,48.2,41.1
2026-04-20T03:00,Hyderabad,49.1,41.2
2026-04-20T04:00,Hyderabad,51.2,42.8
2026-04-20T05:00,Hyderabad,48.1,44.1
2026-04-20T06:00,Hyderabad,50.1,46.0
2026-04-20T07:00,Hyderabad,51.8,48.4
2026-04-20T08:00,Hyderabad,52.5,48.2
2026-04-20T09:00,Hyderabad,54.5,49.5
2026-04-20T10:00,Hyderabad,54.9,49.7
2026-04-20T11:00,Hyderabad,51.7,45.9
2026-04-20T12:00,Hyderabad,48.8,42.3
2026-04-20T13:00,Hyderabad,48.3,40.7
2026-04-20T14:00,Hyderabad,49.0,40.2
2026-04-20T15:00,Hyderabad,49.4,40.2
2026-04-20T16:00,Hyderabad,49.5,40.4
2026-04-20T17:00,Hyderabad,37.1,31.5
2026-04-20T18:00,Hyderabad,40.7,36.4
2026-04-20T19:00,Hyderabad,44.6,41.0
2026-04-20T20:00,Hyderabad,45.5,42.3
2026-04-20T21:00,Hyderabad,43.9,40.9
2026-04-20T22:00,Hyderabad,41.2,38.3
2026-04-20T23:00,Hyderabad,37.8,34.9
2026-04-21T00:00,Hyderabad,33.2,30.6
2026-04-21T01:00,Hyderabad,29.0,26.8
2026-04-21T02:00,Hyderabad,26.0,24.0
2026-04-21T03:00,Hyderabad,23.7,22.0
2026-04-21T04:00,Hyderabad,22.0,20.5
2026-04-21T05:00,Hyderabad,31.5,29.2
2026-04-21T06:00,Hyderabad,32.2,30.0
2026-04-21T07:00,Hyderabad,30.9,29.1
2026-04-21T08:00,Hyderabad,23.2,21.5
2026-04-21T09:00,Hyderabad,22.4,20.1
2026-04-21T10:00,Hyderabad,26.7,23.2
2026-04-21T11:00,Hyderabad,32.7,27.9
2026-04-21T12:00,Hyderabad,37.0,31.4
2026-04-21T13:00,Hyderabad,39.3,33.6
2026-04-21T14:00,Hyderabad,41.2,35.3
2026-04-21T15:00,Hyderabad,42.6,36.4
2026-04-21T16:00,Hyderabad,43.1,37.0
2026-04-21T17:00,Hyderabad,45.2,38.8
2026-04-21T18:00,Hyderabad,51.3,45.5
2026-04-21T19:00,Hyderabad,55.2,50.3
2026-04-21T20:00,Hyderabad,56.3,51.8
2026-04-21T21:00,Hyderabad,57.5,52.7
2026-04-21T22:00,Hyderabad,59.6,54.6
2026-04-21T23:00,Hyderabad,59.8,54.6
2026-04-22T00:00,Hyderabad,55.6,50.4
2026-04-22T01:00,Hyderabad,53.1,48.0
2026-04-22T02:00,Hyderabad,52.7,47.5
2026-04-22T03:00,Hyderabad,53.9,48.5
2026-04-22T04:00,Hyderabad,56.1,50.6
2026-04-22T05:00,Hyderabad,49.9,45.2
2026-04-22T06:00,Hyderabad,56.0,51.0
2026-04-22T07:00,Hyderabad,56.0,52.0
2026-04-22T08:00,Hyderabad,51.0,45.8
2026-04-22T09:00,Hyderabad,47.8,41.9
2026-04-22T10:00,Hyderabad,44.2,38.4
2026-04-22T11:00,Hyderabad,42.3,36.4
2026-04-22T12:00,Hyderabad,41.7,36.1
2026-04-22T13:00,Hyderabad,42.5,36.9
2026-04-22T14:00,Hyderabad,43.1,37.7
2026-04-22T15:00,Hyderabad,43.1,37.8
2026-04-22T16:00,Hyderabad,43.0,37.8
2026-04-22T17:00,Hyderabad,46.7,41.1
2026-04-22T18:00,Hyderabad,53.7,48.7
2026-04-22T19:00,Hyderabad,61.5,56.3
2026-04-22T20:00,Hyderabad,65.2,60.1
2026-04-22T21:00,Hyderabad,66.1,60.8
2026-04-22T22:00,Hyderabad,66.1,60.3
2026-04-22T23:00,Hyderabad,64.3,58.2
2026-04-23T00:00,Hyderabad,59.8,54.2
2026-04-23T01:00,Hyderabad,54.4,49.4
2026-04-23T02:00,Hyderabad,48.9,44.2
2026-04-23T03:00,Hyderabad,44.1,39.3
2026-04-23T04:00,Hyderabad,40.6,35.5
2026-04-23T05:00,Hyderabad,54.1,47.6
2026-04-23T06:00,Hyderabad,52.2,45.6
2026-04-23T07:00,Hyderabad,49.8,44.4
2026-04-23T08:00,Hyderabad,41.8,35.3
2026-04-23T09:00,Hyderabad,43.0,35.6
2026-04-23T10:00,Hyderabad,45.3,38.2
2026-04-23T11:00,Hyderabad,42.8,36.7
2026-04-23T12:00,Hyderabad,42.0,35.9
2026-04-23T13:00,Hyderabad,43.7,36.9
2026-04-23T14:00,Hyderabad,42.6,35.9
2026-04-23T15:00,Hyderabad,41.9,35.0
2026-04-23T16:00,Hyderabad,40.9,34.1
2026-04-23T17:00,Hyderabad,50.5,42.5
2026-04-23T18:00,Hyderabad,52.0,45.2
2026-04-23T19:00,Hyderabad,57.2,50.8
2026-04-23T20:00,Hyderabad,65.0,58.0
2026-04-23T21:00,Hyderabad,70.8,63.1
2026-04-23T22:00,Hyderabad,72.4,63.8
2026-04-23T23:00,Hyderabad,70.8,61.9
2026-04-24T00:00,Hyderabad,65.0,57.2
2026-04-24T01:00,Hyderabad,58.6,51.7
2026-04-24T02:00,Hyderabad,54.2,47.5
2026-04-24T03:00,Hyderabad,51.3,44.5
2026-04-24T04:00,Hyderabad,48.8,41.8
2026-04-24T05:00,Hyderabad,62.4,55.9
2026-04-24T06:00,Hyderabad,66.1,59.4
2026-04-24T07:00,Hyderabad,65.7,60.8
2026-04-24T08:00,Hyderabad,57.9,51.1
2026-04-24T09:00,Hyderabad,49.5,41.1
2026-04-24T10:00,Hyderabad,46.0,37.5
2026-04-24T11:00,Hyderabad,39.7,31.0
2026-04-24T12:00,Hyderabad,37.5,28.6
2026-04-24T13:00,Hyderabad,37.5,28.9
2026-04-24T14:00,Hyderabad,37.7,29.7
2026-04-24T15:00,Hyderabad,38.1,30.4
2026-04-24T16:00,Hyderabad,39.1,31.8
2026-04-24T17:00,Hyderabad,49.5,41.8
2026-04-24T18:00,Hyderabad,55.4,48.8
2026-04-24T19:00,Hyderabad,61.9,55.3
2026-04-24T20:00,Hyderabad,66.6,59.8
2026-04-24T21:00,Hyderabad,69.4,62.2
2026-04-24T22:00,Hyderabad,70.8,63.1
2026-04-24T23:00,Hyderabad,68.5,60.1
2026-04-25T00:00,Hyderabad,64.3,55.6
2026-04-25T01:00,Hyderabad,60.8,52.3
2026-04-25T02:00,Hyderabad,57.9,49.4
2026-04-25T03:00,Hyderabad,55.2,46.7
2026-04-25T04:00,Hyderabad,52.4,44.1
2026-04-25T05:00,Hyderabad,63.8,55.1
2026-04-25T06:00,Hyderabad,64.7,55.9
2026-04-25T07:00,Hyderabad,62.9,56.0
2026-04-25T08:00,Hyderabad,51.9,43.7
2026-04-25T09:00,Hyderabad,50.6,41.0
2026-04-25T10:00,Hyderabad,51.1,41.4
2026-04-25T11:00,Hyderabad,50.2,41.0
2026-04-25T12:00,Hyderabad,49.0,40.0
2026-04-25T13:00,Hyderabad,48.8,40.2
2026-04-25T14:00,Hyderabad,48.3,40.0
2026-04-25T15:00,Hyderabad,47.8,39.9
2026-04-25T16:00,Hyderabad,46.4,39.0
2026-04-25T17:00,Hyderabad,51.2,43.8
2026-04-25T18:00,Hyderabad,55.8,49.1
2026-04-25T19:00,Hyderabad,58.3,52.2
2026-04-25T20:00,Hyderabad,55.9,50.5
2026-04-25T21:00,Hyderabad,50.5,45.6
2026-04-25T22:00,Hyderabad,42.6,38.5
2026-04-25T23:00,Hyderabad,34.2,31.0
2026-04-26T00:00,Hyderabad,27.9,25.0
2026-04-26T01:00,Hyderabad,24.5,21.4
2026-04-26T02:00,Hyderabad,22.8,19.3
2026-04-26T03:00,Hyderabad,21.9,17.9
2026-04-26T04:00,Hyderabad,21.4,17.0
2026-04-26T05:00,Hyderabad,23.2,19.0
2026-04-26T06:00,Hyderabad,23.3,19.4
2026-04-26T07:00,Hyderabad,24.3,21.4
2026-04-26T08:00,Hyderabad,24.7,21.2
2026-04-26T09:00,Hyderabad,26.6,22.4
2026-04-26T10:00,Hyderabad,30.2,24.9
2026-04-26T11:00,Hyderabad,33.1,27.2
2026-04-26T12:00,Hyderabad,34.9,28.8
2026-04-26T13:00,Hyderabad,37.6,30.7
2026-04-26T14:00,Hyderabad,41.7,33.8
2026-04-26T15:00,Hyderabad,44.5,36.0
2026-04-26T16:00,Hyderabad,46.2,37.5
2026-04-26T17:00,Hyderabad,47.4,38.8
2026-04-26T18:00,Hyderabad,55.8,47.3
2026-04-26T19:00,Hyderabad,64.0,55.9
2026-04-26T20:00,Hyderabad,65.2,57.3
2026-04-26T21:00,Hyderabad,61.9,54.6
2026-04-26T22:00,Hyderabad,57.0,50.3
2026-04-26T23:00,Hyderabad,47.0,41.2
2026-04-27T00:00,Hyderabad,38.1,33.3
2026-04-27T01:00,Hyderabad,32.6,28.2
2026-04-27T02:00,Hyderabad,29.8,25.1
2026-04-27T03:00,Hyderabad,28.5,23.3
2026-04-27T04:00,Hyderabad,27.6,21.9
2026-04-27T05:00,Hyderabad,26.4,22.2
2026-04-27T06:00,Hyderabad,25.2,21.7
2026-04-27T07:00,Hyderabad,25.6,22.8
2026-04-27T08:00,Hyderabad,26.6,23.7
2026-04-27T09:00,Hyderabad,28.8,25.6
2026-04-27T10:00,Hyderabad,33.3,28.6
2026-04-27T11:00,Hyderabad,38.3,32.2
2026-04-27T12:00,Hyderabad,42.5,35.9
2026-04-27T13:00,Hyderabad,45.8,38.0
2026-04-27T14:00,Hyderabad,48.1,38.4
2026-04-27T15:00,Hyderabad,48.2,37.7
2026-04-27T16:00,Hyderabad,47.4,36.6
2026-04-27T17:00,Hyderabad,50.9,40.2
2026-04-27T18:00,Hyderabad,57.9,47.6
2026-04-27T19:00,Hyderabad,61.2,52.2
2026-04-27T20:00,Hyderabad,57.5,49.6
2026-04-27T21:00,Hyderabad,51.9,44.9
2026-04-27T22:00,Hyderabad,48.3,41.8
2026-04-27T23:00,Hyderabad,47.4,40.6
2026-04-28T00:00,Hyderabad,45.8,39.0
2026-04-28T01:00,Hyderabad,41.1,35.4
2026-04-28T02:00,Hyderabad,38.5,33.2
2026-04-28T03:00,Hyderabad,38.1,32.2
2026-04-28T04:00,Hyderabad,38.2,32.1
2026-04-28T05:00,Hyderabad,37.5,32.0
2026-04-28T06:00,Hyderabad,37.7,32.5
2026-04-28T07:00,Hyderabad,38.1,34.2
2026-04-28T08:00,Hyderabad,37.3,32.5
2026-04-28T09:00,Hyderabad,36.4,30.9
2026-04-28T10:00,Hyderabad,37.5,31.1
2026-04-28T11:00,Hyderabad,39.5,32.0
2026-04-28T12:00,Hyderabad,41.2,33.1
2026-04-28T13:00,Hyderabad,42.8,34.0
2026-04-28T14:00,Hyderabad,45.1,34.7
2026-04-28T15:00,Hyderabad,46.4,35.2
2026-04-28T16:00,Hyderabad,47.4,35.9
2026-04-28T17:00,Hyderabad,52.9,39.8
2026-04-28T18:00,Hyderabad,60.5,48.2
2026-04-28T19:00,Hyderabad,64.0,53.8
2026-04-28T20:00,Hyderabad,63.1,54.2
2026-04-28T21:00,Hyderabad,60.3,52.3
2026-04-28T22:00,Hyderabad,59.5,51.7
2026-04-28T23:00,Hyderabad,59.5,51.3
2026-04-29T00:00,Hyderabad,59.3,50.8
2026-04-29T01:00,Hyderabad,59.4,50.5
2026-04-29T02:00,Hyderabad,59.5,50.5
2026-04-29T03:00,Hyderabad,59.4,50.4
2026-04-29T04:00,Hyderabad,58.3,49.7
2026-04-29T05:00,Hyderabad,46.1,41.1
2026-04-29T06:00,Hyderabad,47.6,42.1
2026-04-29T07:00,Hyderabad,48.7,43.9
2026-04-29T08:00,Hyderabad,49.5,42.1
2026-04-29T09:00,Hyderabad,48.9,40.3
2026-04-29T10:00,Hyderabad,49.7,39.2
2026-04-29T11:00,Hyderabad,48.9,37.6
2026-04-29T12:00,Hyderabad,46.9,35.5
2026-04-29T13:00,Hyderabad,46.1,34.7
2026-04-29T14:00,Hyderabad,45.6,34.3
2026-04-29T15:00,Hyderabad,45.2,34.0
2026-04-29T16:00,Hyderabad,44.7,33.4
2026-04-29T17:00,Hyderabad,35.9,27.8
2026-04-29T18:00,Hyderabad,44.7,36.8
2026-04-29T19:00,Hyderabad,55.1,47.1
2026-04-29T20:00,Hyderabad,55.1,48.1
2026-04-29T21:00,Hyderabad,46.8,41.2
2026-04-29T22:00,Hyderabad,41.8,36.9
2026-04-29T23:00,Hyderabad,38.9,34.2
2026-04-30T00:00,Hyderabad,37.5,32.6
2026-04-30T01:00,Hyderabad,37.3,31.9
2026-04-30T02:00,Hyderabad,37.7,31.8
2026-04-30T03:00,Hyderabad,38.2,31.8
2026-04-30T04:00,Hyderabad,36.6,31.0
2026-04-30T05:00,Hyderabad,32.1,28.8
2026-04-30T06:00,Hyderabad,28.9,26.5
2026-04-30T07:00,Hyderabad,26.1,24.2
2026-04-30T08:00,Hyderabad,23.2,20.8
2026-04-30T09:00,Hyderabad,23.7,20.6
2026-04-30T10:00,Hyderabad,25.4,20.7
2026-04-30T11:00,Hyderabad,26.1,20.3
2026-04-30T12:00,Hyderabad,25.8,19.0
2026-04-30T13:00,Hyderabad,25.7,18.4
2026-04-30T14:00,Hyderabad,25.7,18.3
2026-04-30T15:00,Hyderabad,25.8,18.3
2026-04-30T16:00,Hyderabad,25.8,18.3
2026-04-30T17:00,Hyderabad,15.1,12.5
2026-04-30T18:00,Hyderabad,20.1,17.6
2026-04-30T19:00,Hyderabad,30.2,27.6
2026-04-30T20:00,Hyderabad,39.1,36.7
2026-04-30T21:00,Hyderabad,39.7,37.4
2026-04-30T22:00,Hyderabad,33.1,30.7
2026-04-30T23:00,Hyderabad,27.9,25.6
2026-05-01T00:00,Hyderabad,25.3,22.8
2026-05-01T01:00,Hyderabad,24.6,22.1
2026-05-01T02:00,Hyderabad,24.3,21.8
2026-05-01T03:00,Hyderabad,22.6,20.5
2026-05-01T04:00,Hyderabad,22.5,20.4
2026-05-01T05:00,Hyderabad,22.6,19.4
2026-05-01T06:00,Hyderabad,24.2,20.8
2026-05-01T07:00,Hyderabad,25.6,22.6
2026-05-01T08:00,Hyderabad,28.4,20.7
2026-05-01T09:00,Hyderabad,37.8,17.5
2026-05-01T10:00,Hyderabad,42.7,16.7
2026-05-01T11:00,Hyderabad,46.3,16.5
2026-05-01T12:00,Hyderabad,50.8,16.8
2026-05-01T13:00,Hyderabad,53.1,17.2
2026-05-01T14:00,Hyderabad,53.2,17.6
2026-05-01T15:00,Hyderabad,51.8,17.8
2026-05-01T16:00,Hyderabad,50.3,17.8
2026-05-01T17:00,Hyderabad,33.3,13.5
2026-05-01T18:00,Hyderabad,33.9,16.5
2026-05-01T19:00,Hyderabad,44.8,26.7
2026-05-01T20:00,Hyderabad,52.9,34.8
2026-05-01T21:00,Hyderabad,57.0,39.3
2026-05-01T22:00,Hyderabad,60.1,42.4
2026-05-01T23:00,Hyderabad,62.2,44.1
2026-05-02T00:00,Hyderabad,63.6,44.7
2026-05-02T01:00,Hyderabad,63.8,44.4
2026-05-02T02:00,Hyderabad,57.5,38.4
2026-05-02T03:00,Hyderabad,45.4,30.0
2026-05-02T04:00,Hyderabad,34.3,23.8
2026-05-02T05:00,Hyderabad,22.7,16.1
2026-05-02T06:00,Hyderabad,24.8,17.0
2026-05-02T07:00,Hyderabad,26.3,18.3
2026-05-02T08:00,Hyderabad,30.5,17.8
2026-05-02T09:00,Hyderabad,35.0,17.3
2026-05-02T10:00,Hyderabad,37.8,16.6
2026-05-02T11:00,Hyderabad,38.2,15.9
2026-05-02T12:00,Hyderabad,36.8,14.6
2026-05-02T13:00,Hyderabad,35.4,13.6
2026-05-02T14:00,Hyderabad,34.9,13.2
2026-05-02T15:00,Hyderabad,34.8,13.0
2026-05-02T16:00,Hyderabad,35.0,13.1
2026-05-02T17:00,Hyderabad,31.8,12.2
2026-05-02T18:00,Hyderabad,36.6,18.5
2026-05-02T19:00,Hyderabad,47.8,29.7
2026-05-02T20:00,Hyderabad,53.8,36.7
2026-05-02T21:00,Hyderabad,49.1,34.3
2026-05-02T22:00,Hyderabad,40.6,28.5
2026-05-02T23:00,Hyderabad,33.2,23.0
2026-05-03T00:00,Hyderabad,29.6,19.9
2026-05-03T01:00,Hyderabad,28.7,19.0
2026-05-03T02:00,Hyderabad,28.8,19.0
2026-05-03T03:00,Hyderabad,28.1,18.6
2026-05-03T04:00,Hyderabad,25.1,16.8
2026-05-03T05:00,Hyderabad,40.4,23.9
2026-05-03T06:00,Hyderabad,33.5,20.8
2026-05-03T07:00,Hyderabad,27.9,20.7
2026-05-03T08:00,Hyderabad,27.2,19.3
2026-05-03T09:00,Hyderabad,33.9,17.2
2026-05-03T10:00,Hyderabad,41.8,16.6
2026-05-03T11:00,Hyderabad,43.8,15.8
2026-05-03T12:00,Hyderabad,43.8,15.4
2026-05-03T13:00,Hyderabad,43.3,15.1
2026-05-03T14:00,Hyderabad,42.7,15.0
2026-05-03T15:00,Hyderabad,42.4,14.9
2026-05-03T16:00,Hyderabad,42.3,15.1
2026-05-03T17:00,Hyderabad,45.4,16.1
2026-05-03T18:00,Hyderabad,51.6,22.6
2026-05-03T19:00,Hyderabad,66.8,36.9
2026-05-03T20:00,Hyderabad,76.8,47.5
2026-05-03T21:00,Hyderabad,76.1,47.8
2026-05-03T22:00,Hyderabad,74.3,46.2
2026-05-03T23:00,Hyderabad,70.3,42.4
2026-05-04T00:00,Hyderabad,64.7,37.3
2026-05-04T01:00,Hyderabad,58.1,32.8
2026-05-04T02:00,Hyderabad,50.5,29.3
2026-05-04T03:00,Hyderabad,46.3,27.8
2026-05-04T04:00,Hyderabad,41.0,25.6
2026-05-04T05:00,Hyderabad,29.4,18.4
2026-05-04T06:00,Hyderabad,31.5,20.1
2026-05-04T07:00,Hyderabad,32.7,21.7
2026-05-04T08:00,Hyderabad,35.0,21.8
2026-05-04T09:00,Hyderabad,37.7,21.5
2026-05-04T10:00,Hyderabad,43.1,20.9
2026-05-04T11:00,Hyderabad,47.0,20.3
2026-05-04T12:00,Hyderabad,45.4,19.3
2026-05-04T13:00,Hyderabad,45.1,18.6
2026-05-04T14:00,Hyderabad,46.8,18.2
2026-05-04T15:00,Hyderabad,48.3,18.0
2026-05-04T16:00,Hyderabad,49.2,18.2
2026-05-04T17:00,Hyderabad,43.5,14.7
2026-05-04T18:00,Hyderabad,52.9,24.0
2026-05-04T19:00,Hyderabad,67.1,37.6
2026-05-04T20:00,Hyderabad,75.7,46.3
2026-05-04T21:00,Hyderabad,73.8,45.2
2026-05-04T22:00,Hyderabad,67.8,40.3
2026-05-04T23:00,Hyderabad,61.9,36.1
2026-05-05T00:00,Hyderabad,56.3,32.2
2026-05-05T01:00,Hyderabad,47.6,27.8
2026-05-05T02:00,Hyderabad,42.7,27.0
2026-05-05T03:00,Hyderabad,42.4,27.8
2026-05-05T04:00,Hyderabad,44.0,29.0
2026-05-05T05:00,Hyderabad,44.1,30.0
2026-05-05T06:00,Hyderabad,42.0,29.5
2026-05-05T07:00,Hyderabad,41.8,28.2
2026-05-05T08:00,Hyderabad,42.6,26.1
2026-05-05T09:00,Hyderabad,44.8,23.8
2026-05-05T10:00,Hyderabad,44.8,21.9
2026-05-05T11:00,Hyderabad,44.8,20.5
2026-05-05T12:00,Hyderabad,43.8,18.8
2026-05-05T13:00,Hyderabad,41.1,16.9
2026-05-05T14:00,Hyderabad,39.6,16.1
2026-05-05T15:00,Hyderabad,38.9,15.9
2026-05-05T16:00,Hyderabad,38.6,16.1
2026-05-05T17:00,Hyderabad,38.6,17.2
2026-05-05T18:00,Hyderabad,45.8,24.2
2026-05-05T19:00,Hyderabad,53.0,33.1
2026-05-05T20:00,Hyderabad,54.9,36.7
2026-05-05T21:00,Hyderabad,54.0,37.5
2026-05-05T22:00,Hyderabad,44.9,33.3
2026-05-05T23:00,Hyderabad,40.3,31.3
2026-05-06T00:00,Hyderabad,39.1,30.7
2026-05-06T01:00,Hyderabad,38.3,29.9
2026-05-06T02:00,Hyderabad,36.7,28.5
2026-05-06T03:00,Hyderabad,34.6,27.0
2026-05-06T04:00,Hyderabad,32.1,25.3
2026-05-06T05:00,Hyderabad,30.2,25.8
2026-05-06T06:00,Hyderabad,28.0,24.2
2026-05-06T07:00,Hyderabad,28.2,23.7
2026-05-06T08:00,Hyderabad,32.1,25.1
2026-05-06T09:00,Hyderabad,36.7,26.5
2026-05-06T10:00,Hyderabad,40.9,26.8
2026-05-06T11:00,Hyderabad,43.9,25.5
2026-05-06T12:00,Hyderabad,49.1,24.9
2026-05-06T13:00,Hyderabad,53.8,25.4
2026-05-06T14:00,Hyderabad,59.8,27.8
2026-05-06T15:00,Hyderabad,56.1,27.1
2026-05-06T16:00,Hyderabad,56.5,27.8
2026-05-06T17:00,Hyderabad,43.2,20.5
2026-05-06T18:00,Hyderabad,43.7,22.7
2026-05-06T19:00,Hyderabad,46.6,28.7
2026-05-06T20:00,Hyderabad,43.0,28.5
2026-05-06T21:00,Hyderabad,38.4,26.4
2026-05-06T22:00,Hyderabad,35.3,24.9
2026-05-06T23:00,Hyderabad,31.5,23.1
2026-05-07T00:00,Hyderabad,25.4,20.1
2026-05-07T01:00,Hyderabad,20.6,17.2
2026-05-07T02:00,Hyderabad,18.1,15.3
2026-05-07T03:00,Hyderabad,17.1,14.1
2026-05-07T04:00,Hyderabad,16.9,13.6
2026-05-07T05:00,Hyderabad,18.1,14.7
2026-05-07T06:00,Hyderabad,18.4,15.0
2026-05-07T07:00,Hyderabad,17.9,13.3
2026-05-07T08:00,Hyderabad,18.3,13.1
2026-05-07T09:00,Hyderabad,19.0,13.2
2026-05-07T10:00,Hyderabad,20.2,13.5
2026-05-07T11:00,Hyderabad,22.1,13.9
2026-05-07T12:00,Hyderabad,24.4,14.3
2026-05-07T13:00,Hyderabad,27.6,15.4
2026-05-07T14:00,Hyderabad,28.2,15.7
2026-05-07T15:00,Hyderabad,28.4,16.0
2026-05-07T16:00,Hyderabad,28.2,16.2
2026-05-07T17:00,Hyderabad,21.9,13.2
2026-05-07T18:00,Hyderabad,21.4,14.1
2026-05-07T19:00,Hyderabad,22.6,16.8
2026-05-07T20:00,Hyderabad,23.8,18.7
2026-05-07T21:00,Hyderabad,22.8,18.5
2026-05-07T22:00,Hyderabad,21.0,17.3
2026-05-07T23:00,Hyderabad,19.3,15.8
2026-05-08T00:00,Hyderabad,18.3,14.7
2026-05-08T01:00,Hyderabad,17.8,14.2
2026-05-08T02:00,Hyderabad,16.6,13.5
2026-05-08T03:00,Hyderabad,14.5,12.2
2026-05-08T04:00,Hyderabad,11.9,10.3
2026-05-08T05:00,Hyderabad,11.2,10.0
2026-05-08T06:00,Hyderabad,10.3,9.2
2026-05-08T07:00,Hyderabad,9.7,8.5
2026-05-08T08:00,Hyderabad,9.7,8.1
2026-05-08T09:00,Hyderabad,9.7,7.7
2026-05-08T10:00,Hyderabad,10.7,8.0
2026-05-08T11:00,Hyderabad,13.1,9.2
2026-05-08T12:00,Hyderabad,16.8,11.3
2026-05-08T13:00,Hyderabad,18.5,12.4
2026-05-08T14:00,Hyderabad,18.3,12.9
2026-05-08T15:00,Hyderabad,18.3,13.3
2026-05-08T16:00,Hyderabad,18.2,13.5
2026-05-08T17:00,Hyderabad,20.0,15.0
2026-05-08T18:00,Hyderabad,18.7,14.8
2026-05-08T19:00,Hyderabad,18.5,15.6
2026-05-08T20:00,Hyderabad,18.7,16.3
2026-05-08T21:00,Hyderabad,18.4,16.2
2026-05-08T22:00,Hyderabad,17.9,15.9
2026-05-08T23:00,Hyderabad,16.4,14.6
2026-05-09T00:00,Hyderabad,14.3,12.9
2026-05-09T01:00,Hyderabad,12.6,11.5
2026-05-09T02:00,Hyderabad,11.2,10.3
2026-05-09T03:00,Hyderabad,10.4,9.5
2026-05-09T04:00,Hyderabad,10.6,9.5
2026-05-09T05:00,Hyderabad,10.3,9.1
2026-05-09T06:00,Hyderabad,11.6,10.1
2026-05-09T07:00,Hyderabad,11.0,8.8
2026-05-09T08:00,Hyderabad,11.2,8.4
2026-05-09T09:00,Hyderabad,10.1,7.5
2026-05-09T10:00,Hyderabad,10.7,8.2
2026-05-09T11:00,Hyderabad,13.0,9.8
2026-05-09T12:00,Hyderabad,14.9,11.0
2026-05-09T13:00,Hyderabad,16.1,11.7
2026-05-09T14:00,Hyderabad,17.1,12.0
2026-05-09T15:00,Hyderabad,18.0,12.1
2026-05-09T16:00,Hyderabad,18.7,12.3
2026-05-09T17:00,Hyderabad,33.4,21.4
2026-05-09T18:00,Hyderabad,32.7,22.5
2026-05-09T19:00,Hyderabad,36.3,27.4
2026-05-09T20:00,Hyderabad,37.8,29.4
2026-05-09T21:00,Hyderabad,37.1,28.9
2026-05-09T22:00,Hyderabad,35.9,27.6
2026-05-09T23:00,Hyderabad,33.2,25.7
2026-05-10T00:00,Hyderabad,27.7,22.3
2026-05-10T01:00,Hyderabad,21.1,17.8
2026-05-10T02:00,Hyderabad,15.7,13.8
2026-05-10T03:00,Hyderabad,13.1,11.5
2026-05-10T04:00,Hyderabad,11.8,10.3
2026-05-10T05:00,Hyderabad,9.8,7.8
2026-05-10T06:00,Hyderabad,9.9,7.5
2026-05-10T07:00,Hyderabad,11.1,8.2
2026-05-10T08:00,Hyderabad,13.3,9.4
2026-05-10T09:00,Hyderabad,16.5,10.9
2026-05-10T10:00,Hyderabad,20.7,13.2
2026-05-10T11:00,Hyderabad,26.5,15.7
2026-05-10T12:00,Hyderabad,35.2,17.9
2026-05-10T13:00,Hyderabad,46.6,20.3
2026-05-10T14:00,Hyderabad,50.8,21.1
2026-05-10T15:00,Hyderabad,51.8,21.5
2026-05-10T16:00,Hyderabad,52.3,21.8
2026-05-10T17:00,Hyderabad,52.7,22.2
2026-05-10T18:00,Hyderabad,51.1,24.2
2026-05-10T19:00,Hyderabad,49.8,27.6
2026-05-10T20:00,Hyderabad,44.2,26.7
2026-05-10T21:00,Hyderabad,38.6,25.4
2026-05-10T22:00,Hyderabad,32.8,23.8
2026-05-10T23:00,Hyderabad,24.1,18.9
2026-05-11T00:00,Hyderabad,15.8,13.0
2026-05-11T01:00,Hyderabad,11.1,9.0
2026-05-11T02:00,Hyderabad,8.6,6.7
2026-05-11T03:00,Hyderabad,7.7,5.8
2026-05-11T04:00,Hyderabad,7.6,5.6
2026-05-11T05:00,Hyderabad,11.7,9.3
2026-05-11T06:00,Hyderabad,12.7,9.3
2026-05-11T07:00,Hyderabad,14.1,9.7
2026-05-11T08:00,Hyderabad,17.0,10.3
2026-05-11T09:00,Hyderabad,20.5,11.5
2026-05-11T10:00,Hyderabad,24.9,13.2
2026-05-11T11:00,Hyderabad,31.2,15.4
2026-05-11T12:00,Hyderabad,36.7,17.1
2026-05-11T13:00,Hyderabad,38.9,17.9
2026-05-11T14:00,Hyderabad,41.1,18.8
2026-05-11T15:00,Hyderabad,43.2,19.8
2026-05-11T16:00,Hyderabad,44.1,20.7
2026-05-11T17:00,Hyderabad,28.9,14.2
2026-05-11T18:00,Hyderabad,29.0,16.5
2026-05-11T19:00,Hyderabad,30.2,20.3
2026-05-11T20:00,Hyderabad,28.2,20.1
2026-05-11T21:00,Hyderabad,27.3,19.9
2026-05-11T22:00,Hyderabad,28.1,20.4
2026-05-11T23:00,Hyderabad,29.3,21.2
2026-05-12T00:00,Hyderabad,28.2,21.0
2026-05-12T01:00,Hyderabad,23.1,18.0
2026-05-12T02:00,Hyderabad,18.2,14.6
2026-05-12T03:00,Hyderabad,15.5,12.3
2026-05-12T04:00,Hyderabad,14.9,11.2
2026-05-12T05:00,Hyderabad,17.0,12.9
2026-05-12T06:00,Hyderabad,18.3,14.4
2026-05-12T07:00,Hyderabad,16.5,11.4
2026-05-12T08:00,Hyderabad,17.6,10.9
2026-05-12T09:00,Hyderabad,20.2,12.0
2026-05-12T10:00,Hyderabad,22.8,13.2
2026-05-12T11:00,Hyderabad,33.2,16.3
2026-05-12T12:00,Hyderabad,36.2,16.8
2026-05-12T13:00,Hyderabad,40.5,18.2
2026-05-12T14:00,Hyderabad,43.7,19.4
2026-05-12T15:00,Hyderabad,45.5,20.2
2026-05-12T16:00,Hyderabad,47.8,21.1
2026-05-12T17:00,Hyderabad,49.1,21.8
2026-05-12T18:00,Hyderabad,46.4,23.5
2026-05-12T19:00,Hyderabad,48.3,28.6
2026-05-12T20:00,Hyderabad,48.5,31.1
2026-05-12T21:00,Hyderabad,46.4,30.9
2026-05-12T22:00,Hyderabad,41.8,29.2
2026-05-12T23:00,Hyderabad,34.1,25.6
2026-05-13T00:00,Hyderabad,25.3,20.1
2026-05-13T01:00,Hyderabad,19.1,15.6
2026-05-13T02:00,Hyderabad,15.5,12.5
2026-05-13T03:00,Hyderabad,14.1,10.7
2026-05-13T04:00,Hyderabad,13.9,9.9
2026-05-13T05:00,Hyderabad,14.4,10.2
2026-05-13T06:00,Hyderabad,15.5,11.0
2026-05-13T07:00,Hyderabad,17.8,11.6
2026-05-13T08:00,Hyderabad,22.0,13.6
2026-05-13T09:00,Hyderabad,25.0,15.4
2026-05-13T10:00,Hyderabad,26.5,16.1
2026-05-13T11:00,Hyderabad,28.6,16.8
2026-05-13T12:00,Hyderabad,32.4,18.1
2026-05-13T13:00,Hyderabad,36.8,19.6
2026-05-13T14:00,Hyderabad,40.5,21.0
2026-05-13T15:00,Hyderabad,43.0,22.1
2026-05-13T16:00,Hyderabad,44.0,22.8
2026-05-13T17:00,Hyderabad,40.6,21.2
2026-05-13T18:00,Hyderabad,37.5,22.5
2026-05-13T19:00,Hyderabad,36.6,24.2
2026-05-13T20:00,Hyderabad,33.5,24.2
2026-05-13T21:00,Hyderabad,30.2,22.7
2026-05-13T22:00,Hyderabad,27.6,21.6
2026-05-13T23:00,Hyderabad,26.2,20.5
2026-05-14T00:00,Hyderabad,26.1,20.1
2026-05-14T01:00,Hyderabad,27.4,20.8
2026-05-14T02:00,Hyderabad,28.5,21.6
2026-05-14T03:00,Hyderabad,29.6,22.5
2026-05-14T04:00,Hyderabad,30.9,24.0
2026-05-14T05:00,Hyderabad,41.4,33.9
2026-05-14T06:00,Hyderabad,45.2,37.6
2026-05-14T07:00,Hyderabad,42.6,32.8
2026-05-14T08:00,Hyderabad,48.1,32.8
2026-05-14T09:00,Hyderabad,54.7,34.6
2026-05-14T10:00,Hyderabad,57.0,34.3
2026-05-14T11:00,Hyderabad,61.7,35.6
2026-05-14T12:00,Hyderabad,66.8,37.1
2026-05-14T13:00,Hyderabad,73.8,38.8
2026-05-14T14:00,Hyderabad,76.1,39.3
2026-05-14T15:00,Hyderabad,75.4,39.3
2026-05-14T16:00,Hyderabad,75.9,39.8
2026-05-14T17:00,Hyderabad,78.9,46.4
2026-05-14T18:00,Hyderabad,70.1,46.0
2026-05-14T19:00,Hyderabad,65.2,45.4
2026-05-14T20:00,Hyderabad,58.7,42.7
2026-05-14T21:00,Hyderabad,55.5,40.5
2026-05-14T22:00,Hyderabad,53.1,39.2
2026-05-14T23:00,Hyderabad,50.4,37.7
2026-05-15T00:00,Hyderabad,47.5,36.0
2026-05-15T01:00,Hyderabad,44.9,34.5
2026-05-15T02:00,Hyderabad,43.7,33.3
2026-05-15T03:00,Hyderabad,43.9,33.2
2026-05-15T04:00,Hyderabad,45.2,33.6
2026-05-15T05:00,Hyderabad,49.1,39.1
2026-05-15T06:00,Hyderabad,51.7,40.4
2026-05-15T07:00,Hyderabad,56.7,42.6
2026-05-15T08:00,Hyderabad,63.3,45.6
2026-05-15T09:00,Hyderabad,73.1,48.5
2026-05-15T10:00,Hyderabad,84.1,51.3
2026-05-15T11:00,Hyderabad,85.2,50.3
2026-05-15T12:00,Hyderabad,82.0,47.5
2026-05-15T13:00,Hyderabad,79.6,45.3
2026-05-15T14:00,Hyderabad,78.5,43.9
2026-05-15T15:00,Hyderabad,76.8,42.7
2026-05-15T16:00,Hyderabad,76.1,42.4
2026-05-15T17:00,Hyderabad,100.8,58.4
2026-05-15T18:00,Hyderabad,97.3,62.4
2026-05-15T19:00,Hyderabad,104.8,69.8
2026-05-15T20:00,Hyderabad,114.3,77.8
2026-05-15T21:00,Hyderabad,122.9,85.4
2026-05-15T22:00,Hyderabad,131.8,93.4
2026-05-15T23:00,Hyderabad,131.3,93.1
2026-05-16T00:00,Hyderabad,123.9,88.5
2026-05-16T01:00,Hyderabad,108.7,78.2
2026-05-16T02:00,Hyderabad,89.6,66.8
2026-05-16T03:00,Hyderabad,73.3,56.0
2026-05-16T04:00,Hyderabad,60.3,45.9
2026-05-16T05:00,Hyderabad,83.4,57.9
2026-05-16T06:00,Hyderabad,84.5,59.6
2026-05-16T07:00,Hyderabad,85.0,57.7
2026-05-16T08:00,Hyderabad,85.7,53.9
2026-05-16T09:00,Hyderabad,77.3,48.1
2026-05-16T10:00,Hyderabad,70.5,43.8
2026-05-16T11:00,Hyderabad,67.3,41.7
2026-05-16T12:00,Hyderabad,65.4,40.6
2026-05-16T13:00,Hyderabad,64.7,40.2
2026-05-16T14:00,Hyderabad,64.5,39.7
2026-05-16T15:00,Hyderabad,64.3,39.3
2026-05-16T16:00,Hyderabad,64.3,39.1
2026-05-16T17:00,Hyderabad,59.3,35.7
2026-05-16T18:00,Hyderabad,53.8,36.7
2026-05-16T19:00,Hyderabad,53.9,37.7
2026-05-16T20:00,Hyderabad,54.0,38.3
2026-05-16T21:00,Hyderabad,52.9,37.6
2026-05-16T22:00,Hyderabad,46.1,32.5
2026-05-16T23:00,Hyderabad,36.9,26.4
2026-05-17T00:00,Hyderabad,30.0,21.4
2026-05-17T01:00,Hyderabad,25.1,17.8
2026-05-17T02:00,Hyderabad,20.8,14.6
2026-05-17T03:00,Hyderabad,18.1,12.6
2026-05-17T04:00,Hyderabad,16.6,11.6
2026-05-17T05:00,Hyderabad,17.3,11.8
2026-05-17T06:00,Hyderabad,20.6,14.8
2026-05-17T07:00,Hyderabad,19.7,11.4
2026-05-17T08:00,Hyderabad,25.1,12.0
2026-05-17T09:00,Hyderabad,33.5,15.0
2026-05-17T10:00,Hyderabad,37.8,17.2
2026-05-17T11:00,Hyderabad,39.3,18.4
2026-05-17T12:00,Hyderabad,40.4,19.7
2026-05-17T13:00,Hyderabad,41.1,20.9
2026-05-17T14:00,Hyderabad,41.7,21.7
2026-05-17T15:00,Hyderabad,40.4,21.7
2026-05-17T16:00,Hyderabad,40.2,22.2
2026-05-17T17:00,Hyderabad,25.7,16.6
2026-05-17T18:00,Hyderabad,23.3,16.8
2026-05-17T19:00,Hyderabad,22.1,17.1
2026-05-17T20:00,Hyderabad,19.8,16.3
2026-05-17T21:00,Hyderabad,17.9,15.3
2026-05-17T22:00,Hyderabad,17.3,15.1
2026-05-17T23:00,Hyderabad,17.4,15.1
2026-05-18T00:00,Hyderabad,17.1,14.9
2026-05-18T01:00,Hyderabad,15.9,14.0
2026-05-18T02:00,Hyderabad,14.8,13.1
2026-05-18T03:00,Hyderabad,14.4,12.6
2026-05-18T04:00,Hyderabad,14.4,12.6
2026-05-18T05:00,Hyderabad,17.3,15.5
2026-05-18T06:00,Hyderabad,19.4,17.2
2026-05-18T07:00,Hyderabad,17.9,15.0
2026-05-18T08:00,Hyderabad,18.3,14.7
2026-05-18T09:00,Hyderabad,18.0,14.3
2026-05-18T10:00,Hyderabad,19.0,14.1
2026-05-18T11:00,Hyderabad,20.8,14.3
2026-05-18T12:00,Hyderabad,24.2,15.9
2026-05-18T13:00,Hyderabad,23.2,15.3
2026-05-18T14:00,Hyderabad,23.1,15.5
2026-05-18T15:00,Hyderabad,22.8,15.8
2026-05-18T16:00,Hyderabad,22.8,16.1
2026-05-18T17:00,Hyderabad,22.4,17.2
2026-05-18T18:00,Hyderabad,22.6,18.6
2026-05-18T19:00,Hyderabad,24.6,21.2
2026-05-18T20:00,Hyderabad,26.4,23.3
2026-05-18T21:00,Hyderabad,27.9,24.9
2026-05-18T22:00,Hyderabad,29.7,26.5
2026-05-18T23:00,Hyderabad,30.9,27.2
2026-05-19T00:00,Hyderabad,30.9,27.1
2026-05-19T01:00,Hyderabad,30.5,27.1
2026-05-19T02:00,Hyderabad,30.2,27.3
2026-05-19T03:00,Hyderabad,29.7,27.2
2026-05-19T04:00,Hyderabad,29.3,27.0
2026-05-19T05:00,Hyderabad,25.3,24.0
2026-05-19T06:00,Hyderabad,24.7,23.5
2026-05-19T07:00,Hyderabad,25.5,23.7
2026-05-19T08:00,Hyderabad,28.8,25.7
2026-05-19T09:00,Hyderabad,31.5,27.6
2026-05-19T10:00,Hyderabad,32.7,28.3
2026-05-19T11:00,Hyderabad,32.7,27.6
2026-05-19T12:00,Hyderabad,33.1,26.7
2026-05-19T13:00,Hyderabad,33.4,25.5
2026-05-19T14:00,Hyderabad,36.3,26.0
2026-05-19T15:00,Hyderabad,34.6,24.4
2026-05-19T16:00,Hyderabad,35.5,24.4
2026-05-19T17:00,Hyderabad,46.6,34.1
2026-05-19T18:00,Hyderabad,47.5,36.8
2026-05-19T19:00,Hyderabad,52.7,41.9
2026-05-19T20:00,Hyderabad,50.3,40.6
2026-05-19T21:00,Hyderabad,48.2,39.0
2026-05-19T22:00,Hyderabad,46.2,37.7
2026-05-19T23:00,Hyderabad,44.8,36.7
2026-05-20T00:00,Hyderabad,44.2,36.4
2026-05-20T01:00,Hyderabad,44.0,36.8
2026-05-20T02:00,Hyderabad,42.8,36.2
2026-05-20T03:00,Hyderabad,39.7,33.3
2026-05-20T04:00,Hyderabad,36.2,29.6
2026-05-20T05:00,Hyderabad,36.7,29.5
2026-05-20T06:00,Hyderabad,36.8,28.5
2026-05-20T07:00,Hyderabad,37.8,28.1
2026-05-20T08:00,Hyderabad,40.6,29.2
2026-05-20T09:00,Hyderabad,44.0,31.1
2026-05-20T10:00,Hyderabad,46.1,32.0
2026-05-20T11:00,Hyderabad,46.0,31.5
2026-05-20T12:00,Hyderabad,49.8,32.7
2026-05-20T13:00,Hyderabad,52.5,32.2
2026-05-20T14:00,Hyderabad,52.3,31.3
2026-05-20T15:00,Hyderabad,53.3,31.5
2026-05-20T16:00,Hyderabad,51.9,30.7
2026-05-20T17:00,Hyderabad,58.7,36.7
2026-05-20T18:00,Hyderabad,68.2,44.6
2026-05-20T19:00,Hyderabad,62.6,44.5
2026-05-20T20:00,Hyderabad,58.8,43.4
2026-05-20T21:00,Hyderabad,54.8,41.7
2026-05-20T22:00,Hyderabad,49.2,38.5
2026-05-20T23:00,Hyderabad,43.8,34.7
2026-05-21T00:00,Hyderabad,41.1,32.2
2026-05-21T01:00,Hyderabad,40.9,31.4
2026-05-21T02:00,Hyderabad,40.5,31.0
2026-05-21T03:00,Hyderabad,38.4,29.5
2026-05-21T04:00,Hyderabad,35.4,27.2
2026-05-21T05:00,Hyderabad,36.9,29.7
2026-05-21T06:00,Hyderabad,38.9,31.1
2026-05-21T07:00,Hyderabad,40.3,32.4
2026-05-21T08:00,Hyderabad,42.4,33.2
2026-05-21T09:00,Hyderabad,42.8,32.8
2026-05-21T10:00,Hyderabad,41.7,31.2
2026-05-21T11:00,Hyderabad,43.1,30.5
2026-05-21T12:00,Hyderabad,47.3,31.4
2026-05-21T13:00,Hyderabad,50.2,32.1
2026-05-21T14:00,Hyderabad,53.3,33.1
2026-05-21T15:00,Hyderabad,55.5,33.6
2026-05-21T16:00,Hyderabad,57.3,34.3
2026-05-21T17:00,Hyderabad,39.1,24.1
2026-05-21T18:00,Hyderabad,44.1,29.1
2026-05-21T19:00,Hyderabad,49.5,36.1
2026-05-21T20:00,Hyderabad,48.0,36.7
2026-05-21T21:00,Hyderabad,46.8,36.3
2026-05-21T22:00,Hyderabad,40.4,32.5
2026-05-21T23:00,Hyderabad,34.5,27.9
2026-05-22T00:00,Hyderabad,31.8,25.3
2026-05-22T01:00,Hyderabad,30.7,24.2
2026-05-22T02:00,Hyderabad,29.0,23.2
2026-05-22T03:00,Hyderabad,24.7,20.9
2026-05-22T04:00,Hyderabad,21.4,18.7
2026-05-22T05:00,Hyderabad,16.8,16.1
2026-05-22T06:00,Hyderabad,15.3,14.1
2026-05-22T07:00,Hyderabad,13.8,12.3
2026-05-22T08:00,Hyderabad,14.2,11.8
2026-05-22T09:00,Hyderabad,15.4,12.2
2026-05-22T10:00,Hyderabad,19.0,14.3
2026-05-22T11:00,Hyderabad,23.3,16.9
2026-05-22T12:00,Hyderabad,27.6,19.5
2026-05-22T13:00,Hyderabad,31.3,22.0
2026-05-22T14:00,Hyderabad,34.6,24.3
2026-05-22T15:00,Hyderabad,41.4,28.5
2026-05-22T16:00,Hyderabad,40.5,27.8
2026-05-22T17:00,Hyderabad,45.3,32.7
2026-05-22T18:00,Hyderabad,45.3,34.1
2026-05-22T19:00,Hyderabad,41.1,33.1
2026-05-22T20:00,Hyderabad,38.8,32.0
2026-05-22T21:00,Hyderabad,39.2,32.5
2026-05-22T22:00,Hyderabad,41.2,33.4
2026-05-22T23:00,Hyderabad,43.3,34.8
2026-05-23T00:00,Hyderabad,44.4,35.5
2026-05-23T01:00,Hyderabad,43.3,35.4
2026-05-23T02:00,Hyderabad,40.7,34.3
2026-05-23T03:00,Hyderabad,39.5,33.6
2026-05-23T04:00,Hyderabad,39.2,33.3
2026-05-23T05:00,Hyderabad,30.3,26.8
2026-05-23T06:00,Hyderabad,27.4,24.4
2026-05-23T07:00,Hyderabad,24.6,21.9
2026-05-23T08:00,Hyderabad,22.0,19.6
2026-05-23T09:00,Hyderabad,21.5,18.6
2026-05-23T10:00,Hyderabad,23.0,19.1
2026-05-23T11:00,Hyderabad,25.8,20.5
2026-05-23T12:00,Hyderabad,28.6,22.2
2026-05-23T13:00,Hyderabad,30.5,23.5
2026-05-23T14:00,Hyderabad,31.3,23.8
2026-05-23T15:00,Hyderabad,31.1,23.5
2026-05-23T16:00,Hyderabad,31.8,23.9
2026-05-23T17:00,Hyderabad,32.8,26.4
2026-05-23T18:00,Hyderabad,36.7,30.0
2026-05-23T19:00,Hyderabad,44.5,37.1
2026-05-23T20:00,Hyderabad,51.3,43.3
2026-05-23T21:00,Hyderabad,43.8,37.5
2026-05-23T22:00,Hyderabad,38.2,33.1
2026-05-23T23:00,Hyderabad,32.4,28.2
2026-05-24T00:00,Hyderabad,27.1,24.0
2026-05-24T01:00,Hyderabad,27.5,23.9
2026-05-24T02:00,Hyderabad,31.0,26.4
2026-05-24T03:00,Hyderabad,32.8,27.8
2026-05-24T04:00,Hyderabad,30.0,26.1
2026-05-24T05:00,Hyderabad,26.8,23.3
2026-05-24T06:00,Hyderabad,23.6,21.3
2026-05-24T07:00,Hyderabad,19.0,17.3
2026-05-24T08:00,Hyderabad,14.6,13.2
2026-05-24T09:00,Hyderabad,14.2,12.5
2026-05-24T10:00,Hyderabad,15.7,13.4
2026-05-24T11:00,Hyderabad,16.4,13.7
2026-05-24T12:00,Hyderabad,17.8,13.9
2026-05-24T13:00,Hyderabad,19.6,14.3
2026-05-24T14:00,Hyderabad,20.6,14.5
2026-05-24T15:00,Hyderabad,20.7,14.2
2026-05-24T16:00,Hyderabad,20.5,14.0
2026-05-24T17:00,Hyderabad,12.6,9.6
2026-05-24T18:00,Hyderabad,15.3,12.2
2026-05-24T19:00,Hyderabad,17.0,14.7
2026-05-24T20:00,Hyderabad,16.2,14.8
2026-05-24T21:00,Hyderabad,15.8,14.8
2026-05-24T22:00,Hyderabad,16.1,14.8
2026-05-24T23:00,Hyderabad,16.5,14.6
2026-05-25T00:00,Hyderabad,17.2,14.6
2026-05-25T01:00,Hyderabad,19.0,15.6
2026-05-25T02:00,Hyderabad,21.0,17.3
2026-05-25T03:00,Hyderabad,20.7,17.6
2026-05-25T04:00,Hyderabad,18.4,15.9
2026-05-25T05:00,Hyderabad,22.5,17.9
2026-05-25T06:00,Hyderabad,23.3,18.8
2026-05-25T07:00,Hyderabad,24.7,19.9
2026-05-25T08:00,Hyderabad,26.8,20.3
2026-05-25T09:00,Hyderabad,30.2,21.3
2026-05-25T10:00,Hyderabad,33.6,22.4
2026-05-25T11:00,Hyderabad,37.3,22.9
2026-05-25T12:00,Hyderabad,41.7,23.7
2026-05-25T13:00,Hyderabad,49.0,26.0
2026-05-25T14:00,Hyderabad,56.8,28.8
2026-05-25T15:00,Hyderabad,62.4,31.0
2026-05-25T16:00,Hyderabad,61.9,30.7
2026-05-25T17:00,Hyderabad,63.8,33.5
2026-05-25T18:00,Hyderabad,51.8,32.6
2026-05-25T19:00,Hyderabad,39.9,28.9
2026-05-25T20:00,Hyderabad,34.7,26.6
2026-05-25T21:00,Hyderabad,33.9,26.6
2026-05-25T22:00,Hyderabad,34.6,27.1
2026-05-25T23:00,Hyderabad,35.4,27.1
2026-05-26T00:00,Hyderabad,35.2,26.3
2026-05-26T01:00,Hyderabad,34.2,25.1
2026-05-26T02:00,Hyderabad,33.4,24.0
2026-05-26T03:00,Hyderabad,33.3,23.5
2026-05-26T04:00,Hyderabad,35.0,24.9
2026-05-26T05:00,Hyderabad,21.6,20.3
2026-05-26T06:00,Hyderabad,22.9,19.9
2026-05-26T07:00,Hyderabad,22.8,20.1
2026-05-26T08:00,Hyderabad,22.7,19.0
2026-05-26T09:00,Hyderabad,28.0,21.5
2026-05-26T10:00,Hyderabad,32.7,24.1
2026-05-26T11:00,Hyderabad,37.3,26.3
2026-05-26T12:00,Hyderabad,42.8,28.5
2026-05-26T13:00,Hyderabad,47.7,30.2
2026-05-26T14:00,Hyderabad,50.5,31.0
2026-05-26T15:00,Hyderabad,56.9,33.4
2026-05-26T16:00,Hyderabad,53.6,31.8
2026-05-26T17:00,Hyderabad,30.0,19.2
2026-05-26T18:00,Hyderabad,32.6,23.2
2026-05-26T19:00,Hyderabad,39.9,30.9
2026-05-26T20:00,Hyderabad,39.8,32.6
2026-05-26T21:00,Hyderabad,33.4,28.2
2026-05-26T22:00,Hyderabad,28.6,24.3
2026-05-26T23:00,Hyderabad,27.0,22.8
2026-05-27T00:00,Hyderabad,25.6,21.5
2026-05-27T01:00,Hyderabad,26.3,21.5
2026-05-27T02:00,Hyderabad,24.2,20.2
2026-05-27T03:00,Hyderabad,20.3,17.5
2026-05-27T04:00,Hyderabad,16.6,14.9
2026-05-27T05:00,Hyderabad,13.7,12.2
2026-05-27T06:00,Hyderabad,13.6,12.3
2026-05-27T07:00,Hyderabad,14.3,13.2
2026-05-27T08:00,Hyderabad,14.6,13.0
2026-05-27T09:00,Hyderabad,15.7,13.2
2026-05-27T10:00,Hyderabad,17.8,14.8
2026-05-27T11:00,Hyderabad,19.8,16.2
2026-05-27T12:00,Hyderabad,20.3,16.3
2026-05-27T13:00,Hyderabad,22.2,16.9
2026-05-27T14:00,Hyderabad,26.1,18.2
2026-05-27T15:00,Hyderabad,29.3,19.4
2026-05-27T16:00,Hyderabad,31.3,20.2
2026-05-27T17:00,Hyderabad,13.9,13.5
2026-05-27T18:00,Hyderabad,17.4,16.5
2026-05-27T19:00,Hyderabad,22.7,21.5
2026-05-27T20:00,Hyderabad,26.4,24.9
2026-05-27T21:00,Hyderabad,28.6,26.7
2026-05-27T22:00,Hyderabad,29.5,27.1
2026-05-27T23:00,Hyderabad,28.8,25.8
2026-05-28T00:00,Hyderabad,27.7,24.2
2026-05-28T01:00,Hyderabad,27.1,23.2
2026-05-28T02:00,Hyderabad,26.5,22.4
2026-05-28T03:00,Hyderabad,25.2,21.4
2026-05-28T04:00,Hyderabad,23.3,20.0
2026-05-28T05:00,Hyderabad,21.8,18.2
2026-05-28T06:00,Hyderabad,22.0,18.8
2026-05-28T07:00,Hyderabad,21.8,19.3
2026-05-28T08:00,Hyderabad,18.8,17.1
2026-05-28T09:00,Hyderabad,17.0,15.5
2026-05-28T10:00,Hyderabad,19.0,15.9
2026-05-28T11:00,Hyderabad,21.7,16.9
2026-05-28T12:00,Hyderabad,23.6,17.4
2026-05-28T13:00,Hyderabad,25.1,17.6
2026-05-28T14:00,Hyderabad,26.9,17.7
2026-05-28T15:00,Hyderabad,29.1,18.0
2026-05-28T16:00,Hyderabad,31.3,18.6
2026-05-28T17:00,Hyderabad,19.6,10.3
2026-05-28T18:00,Hyderabad,23.3,15.6
2026-05-28T19:00,Hyderabad,29.7,21.9
2026-05-28T20:00,Hyderabad,32.5,24.4
2026-05-28T21:00,Hyderabad,27.0,21.1
2026-05-28T22:00,Hyderabad,22.5,18.1
2026-05-28T23:00,Hyderabad,18.9,15.6
2026-05-29T00:00,Hyderabad,17.5,14.5
2026-05-29T01:00,Hyderabad,17.2,14.3
2026-05-29T02:00,Hyderabad,17.1,14.3
2026-05-29T03:00,Hyderabad,17.5,14.6
2026-05-29T04:00,Hyderabad,17.4,15.1
2026-05-29T05:00,Hyderabad,13.4,12.8
2026-05-29T06:00,Hyderabad,12.3,11.3
2026-05-29T07:00,Hyderabad,10.6,9.5
2026-05-29T08:00,Hyderabad,10.0,8.4
2026-05-29T09:00,Hyderabad,10.3,8.2
2026-05-29T10:00,Hyderabad,10.3,8.1
2026-05-29T11:00,Hyderabad,10.6,8.4
2026-05-29T12:00,Hyderabad,11.9,9.3
2026-05-29T13:00,Hyderabad,13.7,10.2
2026-05-29T14:00,Hyderabad,13.8,10.5
2026-05-29T15:00,Hyderabad,13.7,10.4
2026-05-29T16:00,Hyderabad,13.8,10.5
2026-05-29T17:00,Hyderabad,13.5,11.3
2026-05-29T18:00,Hyderabad,20.4,17.8
2026-05-29T19:00,Hyderabad,28.3,25.1
2026-05-29T20:00,Hyderabad,27.9,24.6
2026-05-29T21:00,Hyderabad,25.4,21.5
2026-05-29T22:00,Hyderabad,24.1,19.8
2026-05-29T23:00,Hyderabad,23.2,18.7
2026-05-30T00:00,Hyderabad,22.2,17.8
2026-05-30T01:00,Hyderabad,21.6,17.2
2026-05-30T02:00,Hyderabad,22.1,18.1
2026-05-30T03:00,Hyderabad,19.8,16.9
2026-05-30T04:00,Hyderabad,15.7,13.4
2026-05-30T05:00,Hyderabad,12.8,10.8
2026-05-30T06:00,Hyderabad,12.6,10.1
2026-05-30T07:00,Hyderabad,14.3,10.9
2026-05-30T08:00,Hyderabad,17.2,12.0
2026-05-30T09:00,Hyderabad,21.9,14.1
2026-05-30T10:00,Hyderabad,27.5,16.5
2026-05-30T11:00,Hyderabad,32.0,18.4
2026-05-30T12:00,Hyderabad,34.7,19.5
2026-05-30T13:00,Hyderabad,35.9,20.1
2026-05-30T14:00,Hyderabad,35.6,20.1
2026-05-30T15:00,Hyderabad,34.8,19.7
2026-05-30T16:00,Hyderabad,33.2,18.9
2026-05-30T17:00,Hyderabad,33.4,18.1
2026-05-30T18:00,Hyderabad,36.7,24.2
2026-05-30T19:00,Hyderabad,46.0,33.5
2026-05-30T20:00,Hyderabad,47.7,37.1
2026-05-30T21:00,Hyderabad,39.0,31.0
2026-05-30T22:00,Hyderabad,28.3,22.5
2026-05-30T23:00,Hyderabad,21.1,17.1
2026-05-31T00:00,Hyderabad,17.9,14.8
2026-05-31T01:00,Hyderabad,17.4,14.7
2026-05-31T02:00,Hyderabad,18.7,15.8
2026-05-31T03:00,Hyderabad,19.1,16.2
2026-05-31T04:00,Hyderabad,17.8,15.4
2026-05-31T05:00,Hyderabad,21.1,18.6
2026-05-31T06:00,Hyderabad,22.0,18.5
2026-05-31T07:00,Hyderabad,24.4,19.7
2026-05-31T08:00,Hyderabad,30.2,22.0
2026-05-31T09:00,Hyderabad,37.4,24.5
2026-05-31T10:00,Hyderabad,42.7,26.0
2026-05-31T11:00,Hyderabad,47.3,26.9
2026-05-31T12:00,Hyderabad,50.4,27.4
2026-05-31T13:00,Hyderabad,53.7,27.7
2026-05-31T14:00,Hyderabad,54.6,27.1
2026-05-31T15:00,Hyderabad,55.2,26.3
2026-05-31T16:00,Hyderabad,55.3,25.6
2026-05-31T17:00,Hyderabad,39.6,17.2
2026-05-31T18:00,Hyderabad,39.6,20.5
2026-05-31T19:00,Hyderabad,47.1,27.9
2026-05-31T20:00,Hyderabad,52.7,34.0
2026-05-31T21:00,Hyderabad,52.3,35.5
2026-05-31T22:00,Hyderabad,47.8,33.3
2026-05-31T23:00,Hyderabad,41.3,28.0
2026-06-01T00:00,Hyderabad,38.1,23.6
2026-06-01T01:00,Hyderabad,43.1,23.5
2026-06-01T02:00,Hyderabad,48.5,24.3
2026-06-01T03:00,Hyderabad,50.5,24.0
2026-06-01T04:00,Hyderabad,45.2,22.1
2026-06-01T05:00,Hyderabad,53.1,26.8
2026-06-01T06:00,Hyderabad,49.2,26.8
2026-06-01T07:00,Hyderabad,44.9,26.1
2026-06-01T08:00,Hyderabad,41.6,23.6
2026-06-01T09:00,Hyderabad,36.1,20.8
2026-06-01T10:00,Hyderabad,31.1,17.0
2026-06-01T11:00,Hyderabad,26.7,13.5
2026-06-01T12:00,Hyderabad,25.3,12.7
2026-06-01T13:00,Hyderabad,25.0,12.6
2026-06-01T14:00,Hyderabad,25.4,12.9
2026-06-01T15:00,Hyderabad,25.1,12.9
2026-06-01T16:00,Hyderabad,24.6,12.8
2026-06-01T17:00,Hyderabad,48.5,22.9
2026-06-01T18:00,Hyderabad,51.0,28.5
2026-06-01T19:00,Hyderabad,65.0,41.3
2026-06-01T20:00,Hyderabad,78.5,53.9
2026-06-01T21:00,Hyderabad,88.9,63.8
2026-06-01T22:00,Hyderabad,93.1,68.2
2026-06-01T23:00,Hyderabad,89.2,65.2
2026-06-02T00:00,Hyderabad,80.1,57.4
2026-06-02T01:00,Hyderabad,66.6,46.4
2026-06-02T02:00,Hyderabad,57.2,38.3
2026-06-02T03:00,Hyderabad,52.9,35.2
2026-06-02T04:00,Hyderabad,45.5,30.3
2026-06-02T05:00,Hyderabad,65.2,40.0
2026-06-02T06:00,Hyderabad,64.5,40.5
2026-06-02T07:00,Hyderabad,65.4,39.9
2026-06-02T08:00,Hyderabad,74.7,39.7
2026-06-02T09:00,Hyderabad,85.0,41.3
2026-06-02T10:00,Hyderabad,88.2,41.4
2026-06-02T11:00,Hyderabad,82.7,38.8
2026-06-02T12:00,Hyderabad,77.5,36.2
2026-06-02T13:00,Hyderabad,73.8,34.2
2026-06-02T14:00,Hyderabad,70.8,32.7
2026-06-02T15:00,Hyderabad,68.9,31.7
2026-06-02T16:00,Hyderabad,68.7,31.4
2026-06-02T17:00,Hyderabad,44.6,21.0
2026-06-02T18:00,Hyderabad,45.9,24.4
2026-06-02T19:00,Hyderabad,51.3,31.3
2026-06-02T20:00,Hyderabad,62.2,41.1
2026-06-02T21:00,Hyderabad,73.3,51.5
2026-06-02T22:00,Hyderabad,82.7,60.5
2026-06-02T23:00,Hyderabad,88.2,65.9
2026-06-03T00:00,Hyderabad,88.5,65.9
2026-06-03T01:00,Hyderabad,75.0,54.6
2026-06-03T02:00,Hyderabad,42.6,29.8
2026-06-03T03:00,Hyderabad,31.7,23.2
2026-06-03T04:00,Hyderabad,28.5,20.8
2026-06-03T05:00,Hyderabad,40.0,26.5
2026-06-03T06:00,Hyderabad,39.1,27.2
2026-06-03T07:00,Hyderabad,37.1,25.7
2026-06-03T08:00,Hyderabad,34.5,22.9
2026-06-03T09:00,Hyderabad,31.4,20.0
2026-06-03T10:00,Hyderabad,29.9,18.0
2026-06-03T11:00,Hyderabad,32.8,18.7
2026-06-03T12:00,Hyderabad,31.9,18.3
2026-06-03T13:00,Hyderabad,31.3,18.3
2026-06-03T14:00,Hyderabad,31.5,18.6
2026-06-03T15:00,Hyderabad,32.0,19.1
2026-06-03T16:00,Hyderabad,33.1,19.8
2026-06-03T17:00,Hyderabad,33.1,19.9
2026-06-03T18:00,Hyderabad,33.8,22.2
2026-06-03T19:00,Hyderabad,41.0,29.2
2026-06-03T20:00,Hyderabad,48.9,36.9
2026-06-03T21:00,Hyderabad,49.6,38.1
2026-06-03T22:00,Hyderabad,48.2,37.0
2026-06-03T23:00,Hyderabad,44.6,33.9
